model_feature_set,simulation_1,simulation_2,simulation_3,simulation_4,simulation_5,simulation_6,simulation_7,simulation_8,simulation_9,simulation_10,simulation_11,simulation_12,simulation_13,simulation_14,simulation_15,simulation_16,simulation_17,simulation_18,simulation_19,simulation_20,simulation_21,simulation_22,simulation_23,simulation_24,simulation_25,simulation_26,simulation_27,simulation_28,simulation_29,simulation_30,simulation_31,simulation_32,simulation_33,simulation_34,simulation_35,simulation_36,simulation_37,simulation_38,simulation_39,simulation_40,simulation_41,simulation_42,simulation_43,simulation_44,simulation_45,simulation_46,simulation_47,simulation_48,simulation_49,simulation_50,simulation_51,simulation_52,simulation_53,simulation_54,simulation_55,simulation_56,simulation_57,simulation_58,simulation_59,simulation_60,simulation_61,simulation_62,simulation_63,simulation_64,simulation_65,simulation_66,simulation_67,simulation_68,simulation_69,simulation_70,simulation_71,simulation_72,simulation_73,simulation_74,simulation_75,simulation_76,simulation_77,simulation_78,simulation_79,simulation_80,simulation_81,simulation_82,simulation_83,simulation_84,simulation_85,simulation_86,simulation_87,simulation_88,simulation_89,simulation_90,simulation_91,simulation_92,simulation_93,simulation_94,simulation_95,simulation_96,simulation_97,simulation_98,simulation_99,simulation_100,simulation_101,simulation_102,simulation_103,simulation_104,simulation_105,simulation_106,simulation_107,simulation_108,simulation_109,simulation_110,simulation_111,simulation_112,simulation_113,simulation_114,simulation_115,simulation_116,simulation_117,simulation_118,simulation_119,simulation_120,simulation_121,simulation_122,simulation_123,simulation_124,simulation_125,simulation_126,simulation_127,simulation_128,simulation_129,simulation_130,simulation_131,simulation_132,simulation_133,simulation_134,simulation_135,simulation_136,simulation_137,simulation_138,simulation_139,simulation_140,simulation_141,simulation_142,simulation_143,simulation_144,simulation_145,simulation_146,simulation_147,simulation_148,simulation_149,simulation_150,simulation_151,simulation_152,simulation_153,simulation_154,simulation_155,simulation_156,simulation_157,simulation_158,simulation_159,simulation_160,simulation_161,simulation_162,simulation_163,simulation_164,simulation_165,simulation_166,simulation_167,simulation_168,simulation_169,simulation_170,simulation_171,simulation_172,simulation_173,simulation_174,simulation_175,simulation_176,simulation_177,simulation_178,simulation_179,simulation_180,simulation_181,simulation_182,simulation_183,simulation_184,simulation_185,simulation_186,simulation_187,simulation_188,simulation_189,simulation_190,simulation_191,simulation_192,simulation_193,simulation_194,simulation_195,simulation_196,simulation_197,simulation_198,simulation_199,simulation_200,simulation_201,simulation_202,simulation_203,simulation_204,simulation_205,simulation_206,simulation_207,simulation_208,simulation_209,simulation_210,simulation_211,simulation_212,simulation_213,simulation_214,simulation_215,simulation_216,simulation_217,simulation_218,simulation_219,simulation_220,simulation_221,simulation_222,simulation_223,simulation_224,simulation_225,simulation_226,simulation_227,simulation_228,simulation_229,simulation_230,simulation_231,simulation_232,simulation_233,simulation_234,simulation_235,simulation_236,simulation_237,simulation_238,simulation_239,simulation_240,simulation_241,simulation_242,simulation_243,simulation_244,simulation_245,simulation_246,simulation_247,simulation_248,simulation_249,simulation_250,simulation_251,simulation_252,simulation_253,simulation_254,simulation_255,simulation_256,simulation_257,simulation_258,simulation_259,simulation_260,simulation_261,simulation_262,simulation_263,simulation_264,simulation_265,simulation_266,simulation_267,simulation_268,simulation_269,simulation_270,simulation_271,simulation_272,simulation_273,simulation_274,simulation_275,simulation_276,simulation_277,simulation_278,simulation_279,simulation_280,simulation_281,simulation_282,simulation_283,simulation_284,simulation_285,simulation_286,simulation_287,simulation_288,simulation_289,simulation_290,simulation_291,simulation_292,simulation_293,simulation_294,simulation_295,simulation_296,simulation_297,simulation_298,simulation_299,simulation_300,simulation_301,simulation_302,simulation_303,simulation_304,simulation_305,simulation_306,simulation_307,simulation_308,simulation_309,simulation_310,simulation_311,simulation_312,simulation_313,simulation_314,simulation_315,simulation_316,simulation_317,simulation_318,simulation_319,simulation_320,simulation_321,simulation_322,simulation_323,simulation_324,simulation_325,simulation_326,simulation_327,simulation_328,simulation_329,simulation_330,simulation_331,simulation_332,simulation_333,simulation_334,simulation_335,simulation_336,simulation_337,simulation_338,simulation_339,simulation_340,simulation_341,simulation_342,simulation_343,simulation_344,simulation_345,simulation_346,simulation_347,simulation_348,simulation_349,simulation_350,simulation_351,simulation_352,simulation_353,simulation_354,simulation_355,simulation_356,simulation_357,simulation_358,simulation_359,simulation_360,simulation_361,simulation_362,simulation_363,simulation_364,simulation_365,simulation_366,simulation_367,simulation_368,simulation_369,simulation_370,simulation_371,simulation_372,simulation_373,simulation_374,simulation_375,simulation_376,simulation_377,simulation_378,simulation_379,simulation_380,simulation_381,simulation_382,simulation_383,simulation_384,simulation_385,simulation_386,simulation_387,simulation_388,simulation_389,simulation_390,simulation_391,simulation_392,simulation_393,simulation_394,simulation_395,simulation_396,simulation_397,simulation_398,simulation_399,simulation_400,simulation_401,simulation_402,simulation_403,simulation_404,simulation_405,simulation_406,simulation_407,simulation_408,simulation_409,simulation_410,simulation_411,simulation_412,simulation_413,simulation_414,simulation_415,simulation_416,simulation_417,simulation_418,simulation_419,simulation_420,simulation_421,simulation_422,simulation_423,simulation_424,simulation_425,simulation_426,simulation_427,simulation_428,simulation_429,simulation_430,simulation_431,simulation_432,simulation_433,simulation_434,simulation_435,simulation_436,simulation_437,simulation_438,simulation_439,simulation_440,simulation_441,simulation_442,simulation_443,simulation_444,simulation_445,simulation_446,simulation_447,simulation_448,simulation_449,simulation_450,simulation_451,simulation_452,simulation_453,simulation_454,simulation_455,simulation_456,simulation_457,simulation_458,simulation_459,simulation_460,simulation_461,simulation_462,simulation_463,simulation_464,simulation_465,simulation_466,simulation_467,simulation_468,simulation_469,simulation_470,simulation_471,simulation_472,simulation_473,simulation_474,simulation_475,simulation_476,simulation_477,simulation_478,simulation_479,simulation_480,simulation_481,simulation_482,simulation_483,simulation_484,simulation_485,simulation_486,simulation_487,simulation_488,simulation_489,simulation_490,simulation_491,simulation_492,simulation_493,simulation_494,simulation_495,simulation_496,simulation_497,simulation_498,simulation_499,simulation_500,simulation_501,simulation_502,simulation_503,simulation_504,simulation_505,simulation_506,simulation_507,simulation_508,simulation_509,simulation_510,simulation_511,simulation_512,simulation_513,simulation_514,simulation_515,simulation_516,simulation_517,simulation_518,simulation_519,simulation_520,simulation_521,simulation_522,simulation_523,simulation_524,simulation_525,simulation_526,simulation_527,simulation_528,simulation_529,simulation_530,simulation_531,simulation_532,simulation_533,simulation_534,simulation_535,simulation_536,simulation_537,simulation_538,simulation_539,simulation_540,simulation_541,simulation_542,simulation_543,simulation_544,simulation_545,simulation_546,simulation_547,simulation_548,simulation_549,simulation_550,simulation_551,simulation_552,simulation_553,simulation_554,simulation_555,simulation_556,simulation_557,simulation_558,simulation_559,simulation_560,simulation_561,simulation_562,simulation_563,simulation_564,simulation_565,simulation_566,simulation_567,simulation_568,simulation_569,simulation_570,simulation_571,simulation_572,simulation_573,simulation_574,simulation_575,simulation_576,simulation_577,simulation_578,simulation_579,simulation_580,simulation_581,simulation_582,simulation_583,simulation_584,simulation_585,simulation_586,simulation_587,simulation_588,simulation_589,simulation_590,simulation_591,simulation_592,simulation_593,simulation_594,simulation_595,simulation_596,simulation_597,simulation_598,simulation_599,simulation_600,simulation_601,simulation_602,simulation_603,simulation_604,simulation_605,simulation_606,simulation_607,simulation_608,simulation_609,simulation_610,simulation_611,simulation_612,simulation_613,simulation_614,simulation_615,simulation_616,simulation_617,simulation_618,simulation_619,simulation_620,simulation_621,simulation_622,simulation_623,simulation_624,simulation_625,simulation_626,simulation_627,simulation_628,simulation_629,simulation_630,simulation_631,simulation_632,simulation_633,simulation_634,simulation_635,simulation_636,simulation_637,simulation_638,simulation_639,simulation_640,simulation_641,simulation_642,simulation_643,simulation_644,simulation_645,simulation_646,simulation_647,simulation_648,simulation_649,simulation_650,simulation_651,simulation_652,simulation_653,simulation_654,simulation_655,simulation_656,simulation_657,simulation_658,simulation_659,simulation_660,simulation_661,simulation_662,simulation_663,simulation_664,simulation_665,simulation_666,simulation_667,simulation_668,simulation_669,simulation_670,simulation_671,simulation_672,simulation_673,simulation_674,simulation_675,simulation_676,simulation_677,simulation_678,simulation_679,simulation_680,simulation_681,simulation_682,simulation_683,simulation_684,simulation_685,simulation_686,simulation_687,simulation_688,simulation_689,simulation_690,simulation_691,simulation_692,simulation_693,simulation_694,simulation_695,simulation_696,simulation_697,simulation_698,simulation_699,simulation_700,simulation_701,simulation_702,simulation_703,simulation_704,simulation_705,simulation_706,simulation_707,simulation_708,simulation_709,simulation_710,simulation_711,simulation_712,simulation_713,simulation_714,simulation_715,simulation_716,simulation_717,simulation_718,simulation_719,simulation_720,simulation_721,simulation_722,simulation_723,simulation_724,simulation_725,simulation_726,simulation_727,simulation_728,simulation_729,simulation_730,simulation_731,simulation_732,simulation_733,simulation_734,simulation_735,simulation_736,simulation_737,simulation_738,simulation_739,simulation_740,simulation_741,simulation_742,simulation_743,simulation_744,simulation_745,simulation_746,simulation_747,simulation_748,simulation_749,simulation_750,simulation_751,simulation_752,simulation_753,simulation_754,simulation_755,simulation_756,simulation_757,simulation_758,simulation_759,simulation_760,simulation_761,simulation_762,simulation_763,simulation_764,simulation_765,simulation_766,simulation_767,simulation_768,simulation_769,simulation_770,simulation_771,simulation_772,simulation_773,simulation_774,simulation_775,simulation_776,simulation_777,simulation_778,simulation_779,simulation_780,simulation_781,simulation_782,simulation_783,simulation_784,simulation_785,simulation_786,simulation_787,simulation_788,simulation_789,simulation_790,simulation_791,simulation_792,simulation_793,simulation_794,simulation_795,simulation_796,simulation_797,simulation_798,simulation_799,simulation_800,simulation_801,simulation_802,simulation_803,simulation_804,simulation_805,simulation_806,simulation_807,simulation_808,simulation_809,simulation_810,simulation_811,simulation_812,simulation_813,simulation_814,simulation_815,simulation_816,simulation_817,simulation_818,simulation_819,simulation_820,simulation_821,simulation_822,simulation_823,simulation_824,simulation_825,simulation_826,simulation_827,simulation_828,simulation_829,simulation_830,simulation_831,simulation_832,simulation_833,simulation_834,simulation_835,simulation_836,simulation_837,simulation_838,simulation_839,simulation_840,simulation_841,simulation_842,simulation_843,simulation_844,simulation_845,simulation_846,simulation_847,simulation_848,simulation_849,simulation_850,simulation_851,simulation_852,simulation_853,simulation_854,simulation_855,simulation_856,simulation_857,simulation_858,simulation_859,simulation_860,simulation_861,simulation_862,simulation_863,simulation_864,simulation_865,simulation_866,simulation_867,simulation_868,simulation_869,simulation_870,simulation_871,simulation_872,simulation_873,simulation_874,simulation_875,simulation_876,simulation_877,simulation_878,simulation_879,simulation_880,simulation_881,simulation_882,simulation_883,simulation_884,simulation_885,simulation_886,simulation_887,simulation_888,simulation_889,simulation_890,simulation_891,simulation_892,simulation_893,simulation_894,simulation_895,simulation_896,simulation_897,simulation_898,simulation_899,simulation_900,simulation_901,simulation_902,simulation_903,simulation_904,simulation_905,simulation_906,simulation_907,simulation_908,simulation_909,simulation_910,simulation_911,simulation_912,simulation_913,simulation_914,simulation_915,simulation_916,simulation_917,simulation_918,simulation_919,simulation_920,simulation_921,simulation_922,simulation_923,simulation_924,simulation_925,simulation_926,simulation_927,simulation_928,simulation_929,simulation_930,simulation_931,simulation_932,simulation_933,simulation_934,simulation_935,simulation_936,simulation_937,simulation_938,simulation_939,simulation_940,simulation_941,simulation_942,simulation_943,simulation_944,simulation_945,simulation_946,simulation_947,simulation_948,simulation_949,simulation_950,simulation_951,simulation_952,simulation_953,simulation_954,simulation_955,simulation_956,simulation_957,simulation_958,simulation_959,simulation_960,simulation_961,simulation_962,simulation_963,simulation_964,simulation_965,simulation_966,simulation_967,simulation_968,simulation_969,simulation_970,simulation_971,simulation_972,simulation_973,simulation_974,simulation_975,simulation_976,simulation_977,simulation_978,simulation_979,simulation_980,simulation_981,simulation_982,simulation_983,simulation_984,simulation_985,simulation_986,simulation_987,simulation_988,simulation_989,simulation_990,simulation_991,simulation_992,simulation_993,simulation_994,simulation_995,simulation_996,simulation_997,simulation_998,simulation_999,simulation_1000
DT-fs3,1,1,1,1,1,1,1,1,1,1,1,1,1,1,1,1,1,1,1,1,1,1,1,1,1,1,1,1,1,1,1,1,1,1,1,1,1,1,1,1,1,1,1,1,1,1,1,1,2,1,1,1,1,1,1,1,1,1,1,1,1,1,1,1,1,1,1,1,1,1,1,1,1,1,1,1,1,1,1,1,1,1,1,1,1,1,1,1,1,1,1,1,1,1,1,1,1,1,1,1,1,1,1,1,1,1,1,1,1,1,1,1,1,1,1,1,1,1,1,1,1,1,1,1,1,1,1,1,1,1,1,1,1,1,1,1,1,1,1,1,1,1,1,1,1,1,1,1,1,1,1,1,1,1,1,1,1,1,1,1,1,1,1,1,1,1,1,1,1,1,1,1,1,1,1,1,1,1,1,1,1,1,1,1,1,1,1,1,1,1,1,1,1,1,1,1,1,1,1,1,1,1,1,1,1,1,1,1,1,1,1,1,1,1,1,1,1,1,1,1,1,1,1,1,1,1,1,1,1,1,1,1,1,1,1,1,1,1,1,1,1,1,1,1,1,1,1,1,1,1,1,1,1,1,1,1,1,1,1,1,1,1,1,1,1,1,1,1,1,1,1,1,1,1,1,1,1,1,1,1,1,1,1,1,1,1,1,1,1,1,1,1,1,1,1,1,1,1,1,1,1,1,1,1,1,1,1,1,1,1,1,1,1,1,1,1,1,1,1,1,1,1,1,1,1,1,1,1,1,1,1,1,1,1,1,1,1,1,1,1,1,1,1,1,1,1,1,1,1,1,1,1,1,1,1,1,1,1,1,1,1,1,1,1,1,1,1,1,1,1,1,1,1,1,1,1,1,1,1,1,1,1,1,1,1,1,1,1,1,1,1,1,1,1,1,1,1,1,1,1,1,1,1,1,1,1,1,1,1,1,1,1,1,1,1,1,1,1,1,1,1,1,1,1,1,1,1,1,1,1,1,1,1,1,1,1,1,1,1,1,1,1,1,1,1,1,1,1,1,1,1,1,1,1,1,1,1,1,1,1,1,1,1,1,1,1,1,1,1,1,1,1,1,1,1,1,1,1,1,1,1,1,1,1,1,1,1,1,1,1,1,1,1,1,1,1,1,1,1,1,1,1,1,1,1,1,1,1,1,1,1,1,1,1,1,1,1,1,1,1,1,1,1,1,1,1,1,1,1,1,1,1,1,1,1,1,1,1,1,1,1,1,1,1,1,1,1,1,1,1,1,1,1,1,1,1,1,1,1,1,1,1,1,1,1,1,1,1,1,1,1,1,1,1,1,1,1,1,1,1,1,1,1,1,1,1,1,1,1,1,1,1,1,1,1,1,2,1,1,1,1,1,1,1,1,1,1,1,1,1,1,1,1,1,1,1,1,1,1,1,1,1,1,1,1,1,1,1,1,1,1,1,1,1,1,1,1,1,1,1,1,1,1,1,1,1,1,1,1,1,1,1,1,1,1,1,1,1,1,1,1,1,1,1,1,1,1,1,1,1,1,1,1,1,1,1,1,1,1,1,1,1,1,1,1,1,2,1,1,1,1,1,1,1,1,1,1,1,1,1,1,1,1,1,1,1,1,1,1,1,1,1,1,1,1,1,1,1,1,1,1,1,1,1,1,1,1,1,1,1,1,1,1,1,1,1,1,1,1,1,1,1,1,1,1,1,1,1,1,1,1,1,1,1,1,1,1,1,1,1,1,1,1,1,1,1,1,1,1,1,1,1,1,1,1,1,1,1,1,1,1,1,1,1,1,1,1,1,1,1,1,1,1,1,1,1,1,1,1,1,1,1,1,1,1,1,1,1,1,1,1,1,1,1,1,1,1,1,1,1,1,1,1,1,1,1,1,1,1,1,1,1,1,1,1,1,1,1,1,1,1,1,1,1,1,1,1,1,1,1,1,1,1,1,1,1,1,1,1,1,1,1,1,1,1,1,1,1,1,1,1,1,1,1,1,1,1,1,1,1,1,1,1,1,1,1,1,1,1,1,1,1,1,1,1,1,1,1,1,1,1,1,1,1,1,1,1,1,1,1,1,1,1,1,1,1,1,1,1,1,1,1,1,1,1,1,1,1,1,1,1,1,1,1,1,1,1,1,1,1,1,1,1,1,1,1,1,1,1,1,1,1,1,1,1,1,1,1,1,1,1,1,1,1,1,1,1,1,1,1,1,1,1,1,1,1,1,1,1,1,1,1,1,1,1,1,1,1,1,1,1,1,1,1,1,1,1,1,1,1
DT-fs2,2,3,8,2,3,10,5,5,2,2,2,2,3,2,4,2,2,2,2,2,2,2,2,3,3,2,8,2,2,5,2,2,2,6,2,3,3,2,5,2,2,10,2,8,2,11,2,5,1,2,6,3,2,2,2,2,2,2,10,4,2,2,3,2,6,6,2,2,6,4,2,2,3,2,2,2,2,2,12,2,4,2,3,5,4,2,2,2,2,2,7,2,2,2,2,2,2,3,3,2,2,5,2,5,11,5,2,4,4,11,2,3,5,2,2,7,2,2,2,2,11,2,5,2,2,2,2,3,2,11,2,2,2,11,2,2,5,2,2,2,2,2,2,2,4,2,2,2,2,2,4,2,4,2,10,3,3,2,2,4,2,6,5,4,2,3,4,5,8,2,2,2,4,5,3,2,3,3,11,4,11,2,4,2,2,5,2,6,6,2,2,2,2,2,2,2,2,2,2,4,6,3,4,3,2,5,12,7,5,4,5,2,4,10,2,3,2,2,2,2,2,5,3,2,4,4,2,2,2,2,6,2,2,4,6,2,7,6,2,8,4,2,2,4,5,2,4,8,4,11,4,2,5,2,2,6,10,2,2,2,2,3,9,5,5,2,2,2,2,2,4,2,10,11,6,2,8,5,11,2,2,11,11,4,2,3,4,2,5,2,2,2,11,2,2,5,2,2,2,7,2,2,2,5,2,3,9,2,4,2,8,2,2,2,2,5,2,2,4,3,2,2,2,2,5,2,2,4,2,4,4,2,11,11,2,2,2,2,5,2,6,2,2,2,2,6,2,6,2,6,11,5,3,2,2,2,2,2,2,4,2,4,11,2,2,2,2,2,2,8,2,2,2,2,2,2,2,4,2,11,2,2,2,5,2,2,2,4,7,2,3,4,5,11,11,5,6,4,2,2,2,4,2,2,2,2,6,5,3,2,2,4,2,6,2,2,2,2,2,2,2,2,2,5,2,6,2,5,7,11,2,2,10,2,9,7,11,2,5,6,3,2,2,5,5,5,8,7,5,2,3,11,2,5,2,2,2,2,2,4,3,2,2,3,5,2,6,7,2,5,2,3,2,2,5,2,2,4,2,6,2,5,2,4,2,2,2,2,2,2,5,5,6,2,5,2,4,2,2,8,2,3,11,4,2,4,6,8,11,2,2,2,2,2,2,2,2,11,2,2,2,5,2,4,4,2,2,2,2,4,4,2,3,2,5,4,2,2,2,2,6,4,10,2,2,2,5,2,7,2,2,2,6,2,4,2,5,2,2,2,2,2,2,2,5,2,3,2,2,3,10,2,2,2,2,5,11,2,5,2,11,2,2,5,8,2,2,4,2,4,2,2,2,2,2,5,1,10,11,2,5,2,2,7,4,11,2,7,5,2,2,2,11,2,8,5,2,4,6,6,2,2,2,2,2,2,3,2,2,6,2,2,2,11,2,2,5,2,2,2,2,3,5,2,5,2,2,2,2,5,2,5,2,2,2,4,8,5,2,8,2,2,2,4,4,10,4,4,2,2,3,2,5,6,2,2,2,2,4,2,4,5,8,4,11,2,1,4,11,4,4,2,2,5,8,2,3,10,2,3,5,2,2,4,2,2,2,2,2,2,4,2,2,4,4,9,2,3,3,6,5,3,2,4,5,3,2,5,2,2,4,4,2,2,2,4,2,5,2,2,6,5,4,5,2,5,2,2,3,2,4,3,2,2,5,2,2,2,2,6,2,2,2,8,3,3,2,2,3,2,2,5,2,2,3,4,2,2,2,2,7,11,2,2,4,2,6,2,5,2,2,2,5,7,2,3,8,2,2,2,2,2,2,6,3,5,5,6,4,2,2,10,2,2,5,2,2,7,6,2,2,2,4,2,2,2,2,4,2,2,2,2,5,4,2,8,2,2,4,5,2,5,2,2,2,4,2,2,2,5,2,2,2,6,2,2,2,3,2,2,2,2,2,11,5,2,2,2,2,2,2,2,7,2,2,2,2,11,2,2,2,2,4,2,2,2,2,2,2,2,7,2,2,4,4,6,3,2,10,2,2,4,5,2,2,5,5,3,2,3,2,5,3,2,2,2,4,2,2,2,2,11,2,2,2,4,4,2,2,2,2,2,6,2,6,2,2,2,2,3,5,3,5,5,2,8,2,5,2,11,2,7,5,2,4,2,4,8,2,2,2,3,7,2,4,2,6,2,8,4,2,7,4,2,2,2,4,2,2,3,2,2,4,4,2,3,2,7,2,4,2,5,2,2,5,2,2,2,5,10
GBR-fs3,3,2,2,3,2,2,3,3,3,3,3,3,2,3,5,3,4,3,3,4,3,3,3,2,2,3,2,3,3,2,3,3,3,2,5,2,2,3,4,5,3,2,3,2,5,2,3,3,4,3,2,2,4,3,3,3,3,4,2,2,4,5,2,3,2,3,3,4,2,3,3,3,2,3,3,3,3,3,2,3,2,3,2,3,2,3,3,3,4,4,3,3,3,3,3,3,4,2,2,3,3,4,4,2,2,2,4,2,5,2,3,2,3,3,4,2,4,3,3,3,2,3,2,3,3,3,4,2,3,2,3,3,3,2,3,3,2,3,4,3,3,3,3,3,2,4,3,3,3,3,2,3,3,3,2,2,4,4,4,2,4,2,2,2,3,2,2,2,2,3,3,3,5,2,2,3,2,2,2,2,2,3,2,3,3,3,3,2,2,3,3,3,3,3,3,3,3,3,3,3,2,2,2,2,5,4,2,3,2,2,3,3,2,2,3,2,3,3,3,3,5,2,2,3,2,3,3,3,3,3,2,3,3,3,2,3,3,3,5,2,2,3,3,2,4,3,5,3,2,2,2,3,3,5,3,2,2,3,3,3,3,2,3,3,3,3,4,3,4,3,2,4,2,2,3,5,3,2,2,3,3,2,2,2,3,2,2,3,3,3,3,3,2,3,3,4,3,4,3,2,3,3,3,2,3,5,3,3,2,4,3,3,4,3,3,2,3,4,2,2,4,3,4,4,4,3,3,2,3,2,2,3,2,2,3,3,3,3,3,3,2,4,3,4,3,2,3,2,4,2,2,2,2,3,3,4,3,3,3,2,3,2,2,3,4,3,4,3,5,2,3,3,3,3,3,3,3,2,3,2,3,3,3,3,3,3,4,2,3,3,2,2,3,2,2,2,2,2,3,3,4,2,3,3,3,3,2,4,2,4,3,5,3,2,3,3,3,3,3,4,4,3,3,3,3,2,3,2,3,2,3,3,2,3,2,3,2,3,4,2,2,3,3,2,3,3,2,3,3,3,2,2,4,3,3,4,4,3,3,2,2,4,4,2,3,3,2,3,5,4,3,2,3,5,3,3,3,3,3,2,3,2,3,2,3,3,3,3,3,3,4,2,2,4,2,3,2,3,3,2,3,2,2,2,3,2,2,2,2,3,3,3,3,3,3,3,3,2,3,3,3,3,3,2,2,3,3,5,3,2,2,3,2,3,3,2,3,3,3,3,2,2,3,3,3,3,3,4,3,5,3,4,2,3,2,3,4,5,3,4,3,3,3,3,2,3,2,4,3,2,2,3,3,3,3,2,2,4,4,5,2,3,3,3,2,3,4,2,3,2,3,3,3,3,4,2,4,2,2,3,3,4,3,3,2,2,4,3,3,5,3,3,2,4,2,2,3,2,2,3,3,5,3,3,3,5,2,3,3,2,3,5,3,2,3,3,2,4,3,4,3,2,3,3,4,3,3,4,3,3,3,2,3,3,3,2,3,3,3,3,3,3,4,2,2,2,5,2,3,3,2,3,3,3,4,3,3,3,2,3,2,2,2,3,2,3,4,2,2,2,2,5,4,2,2,3,2,2,3,2,3,3,3,2,3,3,3,3,3,4,5,3,4,5,2,2,3,5,2,3,3,2,3,2,3,2,3,3,3,3,2,2,3,4,3,5,3,3,3,3,2,3,2,4,3,2,3,3,2,3,2,2,3,3,3,3,3,3,4,2,3,3,3,2,2,2,3,3,2,3,4,2,3,3,2,2,3,4,4,4,2,2,4,3,2,3,2,3,4,3,3,3,3,2,3,2,2,3,3,3,3,3,3,2,2,2,2,2,2,3,3,3,3,4,3,3,3,3,2,3,3,3,2,3,3,3,3,2,3,3,3,3,2,2,4,2,5,3,2,3,3,4,3,5,3,2,3,3,3,3,3,3,3,2,3,3,4,5,3,3,3,3,3,2,2,3,3,3,3,3,3,3,3,3,3,3,3,2,3,4,3,3,2,3,3,4,3,3,3,3,3,3,4,2,2,2,5,3,2,4,3,2,4,3,3,2,2,2,5,2,3,3,2,3,3,3,3,3,3,3,3,2,3,3,5,2,2,3,3,3,3,5,2,3,3,3,3,3,3,2,2,5,4,2,3,2,4,2,5,2,4,3,3,3,2,3,2,3,3,4,3,2,2,4,2,3,2,4,2,2,3,3,2,3,3,4,3,3,4,5,3,3,3,5,3,2,3,2,3,2,3,3,3,3,4,4,3,3,2,2
GBR-fs2,4,4,3,4,4,3,2,2,4,4,4,4,4,4,2,4,3,4,4,3,4,4,4,4,4,4,3,4,4,3,4,4,4,3,3,4,4,4,2,3,4,3,4,3,3,3,4,2,3,4,3,4,3,4,4,4,4,3,3,3,3,3,4,4,3,2,4,3,3,2,4,4,4,4,4,4,4,4,4,4,3,4,4,2,3,4,4,4,3,3,2,4,4,4,4,4,3,4,4,4,4,2,3,3,3,3,3,3,2,3,4,4,2,4,3,3,3,4,4,4,3,4,3,4,4,4,3,4,4,3,4,4,4,3,4,4,3,4,3,4,4,4,4,4,3,3,4,4,4,4,3,4,2,4,3,4,2,3,3,3,3,3,3,3,4,4,3,3,3,4,4,4,2,3,4,4,4,4,3,3,3,4,3,4,4,2,4,3,3,4,4,4,4,4,4,4,4,4,4,2,3,4,3,4,3,2,4,2,3,3,2,4,3,3,4,4,4,4,4,4,3,3,4,4,3,2,4,4,4,4,3,4,4,2,3,4,2,2,3,3,3,4,4,3,2,4,2,2,3,3,3,4,2,3,4,3,3,4,4,4,4,4,2,2,2,4,3,4,3,4,3,3,3,3,2,3,2,3,3,4,4,3,3,3,4,4,3,4,2,4,4,4,3,4,4,2,4,3,4,3,4,4,4,3,4,2,2,4,3,3,2,4,3,4,4,3,4,3,3,4,3,4,3,3,2,4,4,3,4,3,3,4,3,3,4,4,4,4,2,4,3,3,4,3,4,3,4,3,3,3,3,3,4,4,4,3,4,4,4,3,4,3,3,4,3,4,3,4,3,3,4,4,4,4,4,4,4,3,4,3,4,4,4,2,4,4,3,3,2,4,4,3,2,3,3,3,3,3,4,4,3,3,4,4,4,4,3,2,4,3,4,2,4,3,4,4,4,4,4,3,3,4,4,2,4,3,4,3,2,3,4,4,3,4,3,2,3,4,2,3,4,4,4,3,2,2,3,2,2,4,4,3,3,2,4,3,3,4,4,3,4,3,3,4,2,4,3,2,3,2,4,4,4,3,2,4,4,2,4,3,4,3,4,3,4,4,4,4,4,4,2,3,3,3,3,4,3,4,4,3,4,4,3,3,4,3,3,3,3,4,4,4,4,4,4,4,4,3,4,4,4,2,4,3,3,4,4,3,4,3,3,4,4,4,2,3,4,4,4,4,3,3,2,4,4,4,2,3,2,3,4,3,3,4,3,4,2,3,4,3,4,4,4,4,3,4,4,3,4,4,3,4,4,4,4,3,3,3,2,3,3,4,4,2,3,4,3,3,4,3,4,4,4,4,3,3,3,3,3,4,2,3,4,2,3,3,3,2,2,3,4,4,3,3,3,3,4,3,3,2,4,3,4,4,4,3,4,4,4,3,4,3,4,3,4,4,3,3,4,3,4,4,2,4,2,4,4,3,4,2,4,3,4,4,4,3,2,2,4,2,4,4,3,3,3,3,2,3,4,4,4,4,2,2,3,4,4,4,3,4,3,3,3,2,3,4,3,3,3,3,3,3,3,3,3,4,4,3,4,4,2,4,4,3,4,4,4,4,4,3,2,4,3,2,3,3,4,2,4,2,2,4,4,3,2,4,4,2,4,4,3,3,4,3,4,2,4,2,4,4,3,2,3,2,4,3,4,4,4,4,3,4,4,4,2,4,4,4,3,3,4,4,4,3,4,4,4,4,4,4,3,3,4,4,4,3,4,3,3,3,3,3,3,4,3,4,3,4,2,4,4,4,2,3,4,4,3,4,4,4,4,4,4,3,4,3,3,3,3,4,4,2,4,3,2,4,4,2,3,4,4,4,3,4,4,4,4,3,4,4,4,4,3,3,3,3,3,4,3,2,4,2,4,3,4,3,4,4,4,2,4,4,4,3,4,4,3,2,4,4,4,4,4,3,3,4,4,4,4,4,4,4,2,4,4,4,4,3,4,3,4,4,3,4,4,3,4,4,4,4,2,4,3,3,3,3,2,4,3,3,4,3,2,4,4,3,3,4,3,4,4,2,4,4,4,4,2,4,4,4,4,3,4,4,3,3,3,4,4,4,4,3,3,4,2,4,4,4,4,4,3,2,2,3,4,3,3,3,3,3,3,2,2,4,3,4,3,2,4,3,4,4,3,3,3,4,3,3,3,3,4,2,3,4,4,3,2,4,3,2,4,4,2,2,4,4,4,3,4,3,4,2,4,4,2,3,4,4,3,3
XGB-fs2,5,5,4,5,5,5,4,4,5,5,6,5,5,5,3,5,5,5,5,5,5,5,5,5,5,5,5,5,5,4,5,5,5,4,4,5,5,5,3,4,5,5,5,4,4,5,5,4,5,7,4,5,5,5,5,5,5,5,5,5,5,4,5,5,4,4,5,5,4,5,5,5,5,5,5,5,5,5,5,5,5,5,5,4,5,5,5,5,5,5,4,5,5,6,5,5,5,5,5,5,5,3,5,4,5,4,5,5,3,5,5,5,4,6,5,4,5,5,5,5,5,5,4,5,5,5,5,5,5,5,5,5,5,5,5,5,4,5,5,5,5,5,5,5,5,5,5,5,5,5,5,5,5,5,5,5,5,5,5,5,5,4,4,5,7,5,5,4,4,5,5,5,3,4,5,5,5,5,5,5,5,7,5,5,5,4,5,4,4,5,5,5,6,5,5,5,5,5,5,5,4,5,5,5,4,3,5,4,4,5,4,5,5,5,5,5,5,5,5,5,4,4,5,5,5,5,5,5,5,5,4,5,5,5,4,5,4,4,4,4,5,5,5,5,3,5,3,4,5,5,5,5,4,4,5,4,5,5,5,5,5,5,4,4,4,5,5,5,5,6,5,5,5,5,4,4,4,4,5,7,5,5,5,5,5,5,5,5,4,5,5,5,5,5,5,3,5,5,5,4,5,5,5,4,5,4,4,5,5,5,4,5,5,5,5,4,5,5,5,5,5,5,5,5,3,6,5,5,6,5,5,5,5,5,5,5,5,5,4,7,4,5,6,5,5,4,5,4,5,4,5,4,5,5,5,5,5,5,5,5,5,5,5,5,5,5,5,5,4,4,5,5,5,7,6,5,5,5,5,5,5,5,5,4,5,5,5,5,4,6,5,5,4,5,5,4,4,5,5,5,5,5,5,5,5,5,4,3,5,5,5,3,5,4,5,5,5,5,5,5,5,5,5,4,5,4,5,4,4,5,5,5,5,5,5,4,5,5,3,4,5,5,5,4,4,4,4,4,4,5,5,5,5,4,5,5,5,5,5,5,5,5,5,5,4,5,4,4,4,3,5,5,5,4,4,5,5,5,5,4,5,4,5,5,5,5,5,5,5,5,3,4,4,5,4,5,5,7,5,4,5,5,5,5,5,5,4,4,5,5,5,5,5,5,5,6,5,5,5,5,5,4,5,5,5,5,5,4,5,5,5,5,5,5,4,5,5,5,5,5,4,5,4,5,5,6,4,5,4,4,5,5,4,5,5,5,3,4,5,5,5,5,5,5,4,5,5,5,5,5,5,5,5,5,5,4,5,5,3,4,5,5,5,4,4,5,5,5,5,5,5,5,5,5,5,4,5,5,5,5,4,5,5,4,5,5,5,4,4,4,5,5,5,5,4,4,5,5,4,4,5,4,5,5,5,4,5,5,5,4,5,4,5,5,5,5,4,5,5,5,5,5,4,5,3,5,5,5,5,4,5,4,5,5,5,5,4,4,5,4,5,5,5,5,5,5,3,5,5,5,5,5,4,4,5,5,5,5,5,5,5,4,4,5,5,5,5,5,5,5,5,4,5,4,4,5,5,5,5,5,4,6,5,5,5,5,5,5,5,5,3,6,5,3,5,5,5,4,5,4,4,5,5,5,4,5,5,4,5,5,5,5,5,5,5,3,5,4,5,5,4,4,5,3,5,4,5,5,5,5,5,5,5,5,4,5,5,5,5,4,5,5,5,4,5,5,5,5,5,5,5,4,5,5,5,5,5,5,5,5,4,5,5,5,5,5,4,5,3,5,5,5,4,4,5,5,4,5,5,5,5,5,5,4,5,4,4,4,5,5,5,5,6,5,4,5,5,4,4,5,5,5,5,5,5,5,5,5,5,5,5,5,4,5,5,4,4,5,5,4,5,3,5,4,5,5,5,5,5,4,7,5,5,4,5,5,5,4,5,5,5,5,5,5,4,5,5,5,5,5,5,5,4,5,5,5,5,5,5,5,5,5,5,6,5,5,5,5,5,5,4,5,5,5,5,4,4,5,5,5,5,5,3,5,5,4,4,5,4,5,5,4,5,6,5,5,5,5,5,5,6,5,5,5,4,5,5,5,5,5,5,4,4,5,4,5,5,5,6,5,4,4,3,4,5,4,5,4,4,5,5,4,4,5,5,6,5,4,5,5,5,5,4,5,5,5,4,5,4,5,5,4,5,5,5,5,5,5,5,4,5,5,5,3,5,5,5,4,5,5,5,4,5,5,3,5,5,5,4,5
RF-fs2,6,6,7,6,6,6,7,7,6,6,8,6,6,6,7,6,7,6,6,7,6,6,6,6,6,6,6,6,7,8,6,6,6,8,7,6,6,6,7,7,6,6,6,7,7,7,6,7,7,8,7,6,7,6,6,6,6,7,6,6,7,7,6,6,8,8,6,7,7,7,7,6,6,6,6,6,6,6,9,6,6,6,6,8,6,6,7,6,7,7,8,6,6,8,6,6,7,6,6,8,6,7,7,7,7,8,7,6,7,6,7,6,8,8,7,6,7,6,6,6,7,7,8,7,6,6,7,6,6,9,6,6,6,6,6,6,7,6,7,6,6,6,6,6,6,7,6,6,6,6,6,6,7,6,7,6,7,7,7,6,7,7,8,6,8,6,7,7,7,6,6,6,7,6,6,7,6,6,9,6,7,8,6,6,6,7,6,7,7,6,6,6,8,8,6,6,6,6,6,7,7,6,6,6,7,7,9,8,6,6,7,6,6,6,6,6,6,7,6,6,7,7,6,6,6,7,8,6,6,6,8,6,7,7,7,6,8,8,7,7,6,7,6,6,7,6,7,7,6,8,6,6,8,7,6,8,7,6,6,6,6,6,7,7,8,7,7,6,7,8,7,7,7,8,8,7,7,6,7,8,6,6,7,6,6,6,6,8,7,8,6,7,7,6,6,8,6,7,6,6,6,6,6,8,6,7,7,6,6,7,7,6,7,7,6,7,6,7,6,6,7,6,7,7,7,8,6,6,8,6,6,6,6,8,7,6,7,6,8,8,7,7,8,7,6,7,6,7,7,7,7,7,6,6,6,7,6,6,6,7,6,6,9,7,7,6,7,6,7,6,6,6,6,8,8,6,8,7,6,8,6,6,6,7,6,7,7,6,8,8,6,6,7,9,6,7,7,6,6,6,7,6,6,6,6,6,8,7,6,7,6,7,6,7,6,6,7,6,6,7,7,7,6,7,6,8,6,6,8,7,6,6,7,6,6,8,6,6,8,8,6,6,6,7,8,7,6,8,8,6,6,9,7,8,6,7,7,6,6,6,6,7,7,6,8,6,7,8,7,8,6,6,7,7,8,7,6,7,6,7,6,6,6,6,6,6,6,6,6,8,7,7,8,7,8,6,7,8,6,7,7,6,6,6,6,6,7,7,8,6,6,6,6,7,7,8,6,8,6,6,6,8,6,6,6,6,6,7,6,6,6,6,6,6,8,6,6,6,6,6,7,7,7,6,6,8,8,7,8,7,6,7,7,6,6,8,8,7,6,7,6,7,6,6,7,6,6,7,6,6,7,6,6,6,6,8,8,7,7,7,7,6,6,8,7,6,7,6,6,6,6,6,6,6,7,8,7,7,8,6,8,7,6,8,6,8,7,8,8,7,6,6,7,7,7,7,6,6,7,8,6,7,6,6,7,7,6,6,6,7,7,7,6,7,6,6,7,7,6,7,6,6,8,6,7,6,7,7,6,8,6,7,6,6,6,6,7,8,6,7,6,6,7,6,6,7,7,6,6,6,6,6,7,8,7,6,6,8,6,6,6,7,6,7,8,6,7,6,6,6,7,7,7,7,7,6,6,6,6,6,7,8,6,6,6,6,6,6,6,7,7,8,7,7,7,7,6,7,6,8,8,6,6,6,8,6,6,8,6,6,6,6,8,7,6,7,6,7,6,6,7,8,6,8,6,7,6,6,6,8,6,6,6,6,8,6,6,6,7,8,6,6,6,7,6,6,6,6,6,6,7,8,7,6,6,7,6,7,7,7,6,6,7,6,6,6,7,8,7,6,6,6,8,6,6,6,7,6,6,6,6,6,6,7,6,8,8,8,6,6,6,7,8,7,7,6,6,8,7,6,6,6,6,6,6,6,7,6,6,6,6,6,8,6,7,6,7,6,6,7,6,8,7,7,6,6,6,6,6,7,8,7,6,8,6,6,7,7,8,6,6,6,6,6,7,7,6,6,6,6,6,6,8,6,6,6,6,8,6,7,6,6,6,8,6,7,6,6,6,6,8,6,7,6,7,7,7,6,6,7,6,6,7,6,6,8,7,6,7,6,6,7,6,8,6,6,7,6,6,7,8,6,7,6,7,6,6,6,6,6,6,7,7,7,8,8,6,6,8,6,7,7,8,7,6,6,7,7,7,6,7,8,7,6,6,8,7,7,6,7,6,6,8,7,6,6,7,7,7,6,6,8,7,7,6,7,7,6,7,7,6,6,7,7,6,6,6,8,7,6,6,8,6,7,7,7,6,6,6,7
XGB-fs3,9,7,6,8,7,7,6,6,8,9,9,7,7,8,6,7,6,7,7,6,9,7,9,7,7,7,7,7,9,7,7,7,7,7,6,7,7,7,6,6,7,7,7,6,6,6,9,6,6,10,8,7,6,7,8,7,7,6,7,7,6,6,7,8,7,7,7,6,8,6,9,7,7,7,7,8,7,7,8,7,7,8,7,6,8,7,9,7,6,6,6,7,7,9,7,8,6,7,7,9,7,6,6,8,6,6,6,7,6,7,6,7,6,9,6,8,6,7,7,7,6,6,7,6,7,8,6,7,7,7,9,7,7,7,7,7,6,9,6,7,9,7,8,8,7,6,7,7,8,7,7,8,6,9,6,7,6,6,6,7,6,8,7,7,10,7,6,6,6,7,8,7,6,8,7,9,7,7,7,7,9,10,8,7,7,6,8,8,8,7,8,7,9,9,7,7,7,7,7,6,8,7,7,7,6,6,8,6,8,8,6,7,7,7,7,7,8,6,7,7,6,8,7,7,7,6,9,7,8,7,7,7,9,6,8,7,6,7,6,6,7,9,7,8,6,7,6,6,8,6,7,9,6,6,7,7,6,7,7,9,9,7,6,6,7,6,6,9,6,9,6,6,6,6,7,6,6,7,6,10,7,7,6,7,8,7,7,9,6,9,7,9,6,7,9,6,9,6,9,8,9,9,9,6,9,6,6,7,7,6,6,7,6,6,7,6,7,6,7,7,6,7,6,6,6,9,7,7,9,7,7,7,7,6,6,7,6,8,6,10,8,6,9,6,8,8,7,8,6,8,6,6,7,7,7,6,7,7,7,6,8,7,7,6,6,8,6,7,6,7,8,7,7,10,9,7,9,6,7,9,7,7,7,6,7,9,6,7,6,9,7,7,6,8,7,8,8,7,9,7,6,7,7,8,7,8,7,6,7,6,7,6,7,8,7,8,6,7,7,6,6,9,8,6,9,7,8,8,6,6,8,8,6,7,7,5,7,8,6,7,7,7,7,8,6,6,7,6,7,8,7,8,6,7,9,6,6,9,7,8,7,6,6,7,6,9,8,6,6,6,7,7,9,6,6,6,7,6,7,8,7,8,9,7,7,7,9,7,9,9,6,6,7,6,7,9,6,10,7,6,6,7,7,7,9,8,8,6,9,7,8,7,7,6,6,10,7,9,8,9,7,6,9,7,7,7,7,6,7,8,8,7,7,9,6,7,7,9,8,8,8,6,6,7,8,10,6,6,6,6,7,6,8,7,7,9,6,6,8,6,8,6,7,8,8,7,7,6,7,7,6,7,9,9,9,7,6,6,6,6,6,7,8,6,6,7,6,7,7,7,9,8,8,7,6,6,6,6,9,7,7,6,9,6,7,6,6,6,7,6,7,7,6,6,6,8,7,7,8,7,7,6,7,7,6,6,7,9,7,8,6,6,7,6,9,8,8,6,7,6,9,7,7,7,6,9,6,6,8,6,9,8,9,7,8,7,6,6,7,6,9,8,6,7,8,6,6,7,8,7,7,7,6,7,6,9,9,9,7,9,7,8,7,6,9,7,6,7,7,7,6,6,6,8,6,7,7,7,7,7,6,10,7,8,7,7,7,7,9,6,6,10,6,6,6,6,7,6,7,7,6,7,7,8,7,7,7,6,7,7,7,7,9,6,7,6,7,6,7,7,8,6,7,6,8,8,7,7,7,9,7,7,8,7,6,8,7,9,6,7,9,8,7,6,7,7,7,8,7,7,6,7,6,7,7,6,8,6,6,6,8,9,6,8,7,7,8,9,6,7,7,9,7,8,7,7,6,9,9,7,7,7,8,8,7,7,7,7,7,7,7,6,9,6,6,7,7,6,8,7,7,7,8,7,7,8,6,8,8,7,7,7,7,8,6,7,6,7,7,6,8,6,6,6,8,8,9,7,8,6,10,6,7,7,7,7,6,6,9,8,7,8,7,7,8,6,7,8,7,8,7,7,6,7,8,7,9,6,7,6,7,7,7,9,7,6,7,7,7,7,6,8,6,7,6,8,6,7,7,6,7,7,6,9,7,6,6,7,6,7,7,6,7,9,9,7,6,7,9,6,9,7,9,7,6,7,7,7,7,9,7,6,8,6,7,9,8,7,9,7,8,6,6,8,8,7,6,8,6,7,6,6,6,7,7,9,6,6,7,6,8,7,6,6,7,7,8,6,6,8,7,6,6,6,7,6,6,7,6,6,9,9,6,6,7,7,7,6,6,8,7,6,9,9,6,6,8,9,8,6
RF-fs3,10,10,12,10,10,12,11,10,9,10,10,9,10,10,10,9,8,9,9,8,10,9,10,9,10,9,12,8,10,12,8,9,9,12,8,9,10,8,10,8,9,12,9,12,10,12,10,11,8,11,12,10,8,9,10,9,9,9,12,10,8,8,9,10,12,12,8,8,12,10,10,8,10,10,8,10,9,9,11,9,12,10,10,11,13,9,10,9,8,10,11,8,9,10,9,9,10,10,9,10,8,10,8,12,12,11,8,10,10,12,10,10,11,11,10,12,8,8,9,8,12,10,11,8,9,10,8,10,9,12,10,9,9,12,8,9,11,10,8,9,10,9,10,10,12,8,8,9,10,9,12,10,10,10,12,10,10,10,9,12,8,12,11,11,12,10,10,11,12,9,10,8,10,11,10,10,10,10,12,11,12,12,12,8,8,10,10,12,12,9,10,8,10,10,9,9,8,9,8,10,12,9,12,10,8,10,11,12,11,11,10,8,12,12,9,9,10,10,9,8,9,12,9,8,12,10,10,8,10,9,12,9,10,10,12,8,12,11,8,12,12,10,8,11,10,8,10,12,12,12,10,10,11,8,8,12,12,9,9,10,10,9,12,11,11,8,9,10,8,10,11,8,12,12,11,8,12,11,12,12,8,12,12,11,9,9,12,10,11,10,8,10,12,9,10,10,10,8,10,12,10,10,10,11,10,10,12,9,11,9,12,8,8,8,9,11,9,10,11,10,8,9,8,8,10,10,9,11,10,11,11,9,12,12,9,9,8,10,11,11,12,8,10,8,9,12,9,12,8,12,12,11,9,9,8,8,9,9,9,10,9,12,12,9,9,10,8,8,10,12,9,9,9,12,10,9,10,10,9,12,9,9,9,10,9,10,8,12,12,10,9,12,10,12,12,12,12,11,10,9,8,10,8,10,9,10,12,10,9,10,8,10,9,12,9,10,8,8,9,10,9,10,10,11,10,12,10,11,12,12,10,10,12,9,12,11,12,10,11,12,10,9,9,12,11,10,12,11,11,10,9,12,8,11,10,8,8,10,8,12,9,8,8,10,11,10,12,11,8,10,9,10,10,8,11,8,9,10,9,12,9,11,10,11,8,8,10,8,10,10,10,11,12,10,12,10,10,11,9,12,9,9,12,12,10,12,12,12,12,9,10,8,9,8,8,11,9,12,10,10,9,11,10,11,10,9,9,10,8,12,12,9,10,10,11,11,9,10,9,10,12,10,12,8,9,11,11,10,11,8,9,8,12,9,11,10,11,10,10,10,9,8,9,10,12,9,10,8,8,10,12,9,10,10,10,11,12,8,10,8,12,9,10,11,12,9,10,10,9,10,10,10,9,8,8,11,8,12,12,9,11,8,10,12,10,12,9,12,11,8,8,8,12,8,12,12,8,11,12,11,8,8,9,8,8,10,10,10,9,12,8,8,9,12,10,10,12,8,9,8,10,10,11,9,10,10,9,8,10,11,10,12,10,9,9,12,12,11,9,12,10,10,9,12,13,12,10,11,10,9,10,8,11,12,8,10,10,10,10,10,11,12,12,10,12,9,8,11,12,11,10,10,8,12,12,8,10,12,9,10,10,11,9,12,8,9,9,9,10,8,10,11,9,10,11,12,9,10,10,11,11,10,8,13,11,9,9,11,9,9,11,10,10,10,9,10,8,10,8,9,12,11,10,10,10,12,9,9,10,10,10,9,10,9,11,10,8,10,8,12,10,9,9,12,10,9,9,10,10,9,8,12,10,8,10,10,10,8,10,8,12,12,10,10,10,8,12,10,10,8,9,10,11,12,8,9,12,10,10,9,8,8,10,12,9,11,11,12,10,9,9,12,10,8,10,9,8,11,12,9,9,9,12,9,9,9,10,12,10,9,9,9,11,12,8,12,9,9,11,11,10,10,8,10,10,12,10,8,10,11,12,8,9,12,8,8,8,10,10,10,8,10,9,12,12,9,9,10,8,10,9,9,11,8,9,9,10,12,9,8,8,9,11,10,8,8,9,8,8,9,12,10,8,10,10,12,10,9,12,8,9,10,10,10,9,11,11,10,9,10,8,11,9,10,10,8,10,8,10,8,10,12,10,8,8,11,10,8,9,10,9,8,12,8,11,10,9,8,10,9,12,10,11,12,9,12,8,11,10,12,8,12,11,9,10,10,10,12,9,8,10,9,12,8,12,9,12,9,12,13,9,11,10,8,9,8,10,9,8,10,10,10,10,10,8,9,9,12,8,12,9,11,10,10,10,8,9,10,12,12
GBR-fs1,7,11,13,7,8,13,13,13,7,7,7,8,9,7,13,8,11,8,8,10,7,8,7,8,8,8,13,9,8,13,9,8,8,13,12,8,8,9,13,12,8,13,8,13,12,13,7,13,9,6,13,9,11,8,7,8,10,12,13,12,9,12,10,7,13,13,9,9,13,13,8,11,9,9,9,7,8,8,13,8,9,7,9,13,11,8,8,8,12,12,13,9,8,7,8,7,12,9,12,7,11,13,11,13,13,13,9,11,13,13,12,8,13,7,12,13,11,9,8,9,13,12,13,10,8,7,11,8,11,13,7,8,8,13,10,8,13,7,9,8,7,8,7,7,9,11,10,8,7,8,9,7,13,7,13,8,13,12,12,10,9,13,13,13,6,9,12,13,13,8,7,9,13,13,8,8,8,9,13,9,13,6,11,9,9,13,7,13,13,8,7,9,7,7,8,8,9,8,10,13,13,8,11,8,12,13,13,13,13,13,13,9,11,13,8,8,7,12,8,9,12,13,10,9,9,13,7,11,7,8,13,8,8,13,13,9,13,13,12,13,9,8,11,13,13,9,13,13,13,13,12,7,13,11,9,13,13,8,8,7,7,11,13,13,13,11,12,7,9,7,13,9,13,13,13,12,13,13,13,6,9,13,13,12,7,11,9,7,13,7,9,8,13,8,7,13,7,9,7,13,7,7,7,13,7,13,13,8,12,12,13,9,10,11,8,13,8,12,13,8,11,8,12,10,13,7,8,12,7,13,13,8,13,13,12,8,9,7,13,6,13,9,7,9,7,13,8,13,10,13,13,13,8,8,9,11,8,8,8,12,7,11,13,12,12,7,12,9,12,13,7,8,8,6,7,8,7,13,8,13,8,8,8,13,8,8,12,9,13,7,10,11,13,13,13,13,13,13,7,11,9,12,9,7,8,7,13,13,10,12,11,13,8,13,8,7,11,9,8,12,12,8,7,13,7,13,7,13,13,13,7,7,13,8,13,13,13,7,13,13,9,8,8,13,13,13,13,13,13,7,8,13,12,13,7,11,11,7,9,11,11,10,9,9,13,8,13,13,11,13,8,9,8,12,13,11,8,13,11,13,8,13,7,9,9,9,7,10,7,7,13,13,13,12,13,7,12,6,8,13,12,8,13,10,7,13,13,13,13,8,7,9,8,11,9,7,8,13,7,8,8,13,7,12,12,8,8,13,9,13,13,8,8,7,13,13,8,7,7,7,13,13,13,9,7,7,13,12,13,12,8,12,13,8,13,7,13,12,7,12,7,11,8,7,13,8,11,9,9,8,13,8,7,7,7,13,13,10,13,11,13,8,7,13,13,8,12,12,8,12,7,7,7,9,9,13,9,13,13,8,13,11,7,13,12,13,12,13,13,12,9,9,13,9,13,13,9,13,13,13,9,12,8,9,9,13,12,7,8,13,11,10,8,13,7,7,13,9,8,9,7,9,13,8,13,7,12,9,7,13,7,13,7,8,7,10,13,13,8,13,7,7,12,11,11,13,13,13,7,8,9,9,13,13,11,7,7,7,12,7,12,13,13,13,13,8,9,13,13,13,12,12,11,13,13,9,8,13,8,9,13,7,12,13,9,8,8,8,7,12,13,7,12,13,13,13,8,13,8,13,13,8,9,11,13,11,8,13,8,8,13,12,7,12,8,13,11,13,9,8,13,13,12,13,7,13,10,8,12,7,12,11,7,8,13,7,9,7,11,13,7,7,8,13,8,11,8,7,12,11,11,13,12,9,8,12,7,9,12,9,13,13,12,7,12,10,13,7,13,9,8,7,13,13,11,8,13,7,7,8,9,9,7,13,11,13,13,13,12,8,8,13,7,9,13,8,10,13,13,8,8,8,13,8,8,7,12,13,7,8,8,8,13,13,9,13,12,8,9,13,7,13,10,13,7,13,7,11,7,13,6,10,8,13,11,9,11,13,7,7,9,7,8,13,13,12,10,7,9,7,8,10,13,9,7,8,7,13,8,12,9,8,13,7,9,11,8,9,9,8,13,7,9,12,13,13,13,8,13,12,8,12,13,7,8,13,13,8,12,9,9,13,8,7,7,10,13,9,8,11,7,13,8,9,11,12,12,9,8,7,8,12,13,10,13,7,7,9,7,8,13,13,13,13,7,13,10,13,12,13,10,13,13,8,12,7,13,13,8,9,7,8,13,9,9,8,13,12,13,11,8,13,13,12,8,12,12,8,10,13,7,7,13,13,9,8,8,13,10,13,8,13,8,8,13,11,7,7,13,13
XGB-fs4,16,8,5,12,9,4,8,8,12,17,20,11,8,14,8,13,9,13,11,11,14,13,18,10,9,13,4,13,18,6,13,11,14,5,9,10,9,11,8,9,11,4,11,5,8,4,14,8,12,21,5,8,9,13,18,13,8,8,4,8,11,10,8,16,5,5,13,11,5,8,18,9,8,8,13,14,10,12,3,10,8,14,8,7,7,11,18,11,9,8,5,11,13,20,10,13,8,8,8,18,9,8,10,6,4,7,11,8,8,4,8,9,7,20,8,5,9,11,10,10,4,8,6,11,10,14,10,9,8,4,18,16,13,4,11,13,8,16,12,13,16,10,18,14,8,10,9,13,13,10,8,18,8,18,4,9,8,8,8,8,11,5,6,8,21,8,8,8,5,13,13,11,8,7,9,18,9,8,4,8,4,21,7,13,10,8,14,5,5,13,14,13,19,18,10,13,11,11,9,8,5,10,8,9,10,8,3,5,7,7,8,11,8,4,11,10,18,8,13,12,8,6,8,11,8,8,18,9,12,10,5,13,18,8,5,12,5,5,10,5,8,18,9,7,8,13,8,5,7,4,8,16,7,10,12,5,4,13,11,18,14,8,5,8,6,9,8,18,11,20,8,11,4,4,5,9,5,8,4,21,12,4,4,8,13,8,8,18,8,19,12,18,4,11,17,7,14,11,18,5,14,15,17,7,14,8,5,13,8,8,5,10,11,9,13,8,13,8,8,9,10,13,9,11,8,20,11,8,18,8,8,11,4,4,8,11,11,13,7,21,5,11,19,11,13,5,12,5,11,5,4,8,10,15,11,10,10,13,10,8,12,8,4,8,8,18,10,10,8,5,14,13,11,21,20,10,18,8,13,4,11,10,13,8,11,18,9,8,5,20,8,8,8,4,4,6,5,8,16,8,11,8,12,13,10,13,5,8,8,8,9,8,16,5,13,14,10,11,13,8,8,18,14,8,16,5,12,7,5,4,18,18,4,12,4,6,4,14,7,5,8,11,11,6,7,8,5,5,6,18,10,4,9,6,18,10,10,18,13,7,8,11,11,8,7,18,5,5,10,7,13,8,18,10,7,10,10,8,8,5,10,7,16,8,12,11,18,9,16,18,8,8,5,8,6,18,8,21,13,5,8,10,4,8,18,7,5,5,4,13,14,11,13,9,11,20,13,4,13,18,10,7,14,8,8,13,10,8,13,7,7,10,9,18,7,8,13,14,11,13,5,8,5,10,13,20,7,8,5,10,13,9,5,13,8,18,7,8,14,8,11,9,13,14,6,11,8,11,11,9,4,13,14,18,18,6,4,11,8,10,4,12,14,7,5,13,8,8,13,8,17,13,13,11,11,7,12,4,4,13,6,9,14,5,8,4,8,5,6,9,13,13,4,11,5,6,11,8,5,5,11,9,13,13,11,8,8,16,13,5,10,11,11,4,14,13,6,11,10,11,14,8,6,13,8,17,8,11,13,7,18,6,18,10,13,8,5,7,13,5,18,18,8,8,7,4,8,8,14,11,8,11,8,5,10,14,18,18,8,18,8,6,5,8,4,13,12,8,4,8,8,8,10,6,5,13,9,4,11,8,8,20,8,7,10,13,14,11,18,9,8,20,8,8,8,4,13,8,9,5,7,9,11,7,6,8,11,7,13,10,8,8,18,8,13,8,9,8,11,11,5,7,8,7,14,6,8,12,8,19,8,8,14,10,7,13,11,14,10,5,18,11,10,5,9,8,16,13,8,8,10,6,8,11,9,8,14,11,8,11,5,4,8,14,8,9,5,19,8,11,11,14,6,5,9,10,5,14,18,13,10,12,13,5,8,6,6,5,8,13,13,4,20,11,8,10,9,5,5,13,13,13,7,13,11,13,8,7,13,10,13,10,6,7,11,5,8,13,8,8,14,7,11,8,14,7,18,9,14,8,21,11,11,5,9,13,10,8,19,18,11,14,13,4,6,8,8,13,11,14,13,8,5,11,13,10,16,4,11,9,12,13,8,18,11,10,14,11,11,10,5,14,11,8,8,5,8,13,4,9,11,8,8,18,12,7,8,9,8,8,12,8,10,18,18,9,8,13,18,10,19,4,18,11,10,8,8,10,10,16,10,10,5,11,5,18,11,11,19,10,6,8,7,6,13,5,11,6,8,4,11,5,8,13,8,18,8,5,13,11,15,10,5,12,8,11,5,8,5,7,13,5,8,9,10,9,8,11,11,8,18,18,8,8,11,10,11,5,11,7,11,7,18,18,8,10,13,18,7,4
XGB-fs1,12,9,9,11,11,8,9,9,11,12,15,10,11,11,9,11,10,10,10,9,11,11,13,11,11,10,9,11,14,9,10,12,11,9,10,11,11,10,9,10,10,8,12,9,9,8,12,9,10,16,9,11,10,11,12,11,11,10,8,9,10,9,11,11,9,9,11,10,9,9,14,10,11,11,10,11,11,11,6,11,10,11,11,9,9,10,15,10,10,9,9,10,11,15,11,11,9,11,10,15,10,9,9,9,8,9,10,9,9,8,9,11,9,15,9,9,10,10,11,11,8,9,9,9,12,11,9,11,10,6,13,11,11,8,9,11,9,12,10,11,12,11,11,11,10,9,11,10,11,11,10,11,9,12,8,11,9,9,10,9,10,9,9,9,16,11,9,9,9,11,11,10,9,9,11,14,11,11,6,10,6,16,9,10,11,9,11,9,9,11,11,10,15,15,11,11,10,10,11,9,9,11,9,11,9,9,6,9,9,9,9,10,9,8,10,11,11,9,11,10,10,9,11,10,10,9,15,10,11,12,9,11,15,9,9,10,9,9,9,9,10,15,10,9,9,10,9,9,9,7,9,11,9,9,10,9,8,10,10,12,12,10,8,9,9,10,10,12,10,15,9,10,8,7,9,10,9,9,8,16,10,8,8,9,11,10,10,15,9,15,10,14,8,10,13,9,12,10,11,9,12,12,13,9,12,9,8,10,9,10,9,11,9,10,11,9,11,9,9,11,9,11,10,9,9,15,10,9,15,9,9,10,8,7,10,10,10,11,9,16,9,10,15,10,11,9,10,9,9,9,8,9,11,11,10,9,11,11,11,9,11,9,6,10,10,11,9,11,9,9,11,11,10,16,15,11,15,9,11,6,10,11,11,9,10,15,10,10,9,15,11,9,9,6,8,9,9,9,12,10,10,9,10,11,11,11,9,9,11,9,10,9,11,9,11,11,9,10,10,9,10,14,11,9,12,9,11,9,9,8,11,11,8,10,8,9,8,11,9,9,11,10,10,9,9,9,9,9,9,11,11,6,10,9,14,9,9,13,10,9,10,9,10,11,9,14,9,9,9,9,11,11,14,9,9,9,11,9,10,9,11,9,12,10,10,10,12,11,12,15,9,9,9,9,9,11,9,16,11,9,10,11,8,9,14,9,9,9,6,11,11,10,11,10,10,16,11,6,11,14,11,9,12,9,9,11,11,9,10,9,9,12,11,12,9,9,11,12,12,11,9,9,8,11,11,16,9,9,9,9,11,10,9,11,9,15,9,9,11,9,12,10,11,11,9,12,9,10,10,11,8,11,12,12,14,9,7,9,9,9,8,11,11,9,9,11,9,9,11,9,12,11,11,10,10,9,10,8,6,11,9,10,12,9,9,7,10,9,9,10,10,10,8,10,9,9,10,9,9,9,10,10,11,10,10,9,9,13,11,9,9,9,10,8,12,11,9,10,11,10,12,11,9,11,9,12,10,10,11,9,11,9,13,11,11,9,9,9,11,9,13,11,10,9,9,8,9,9,11,10,11,10,9,9,9,12,12,15,9,11,9,9,9,9,6,11,10,9,8,9,9,9,9,9,9,10,11,8,10,11,9,16,10,9,11,11,11,10,12,10,9,16,10,9,9,8,11,9,11,9,9,11,10,9,9,10,10,9,10,11,9,9,15,9,11,9,10,9,10,10,9,9,9,9,11,9,11,10,9,15,9,10,11,11,9,11,10,12,9,9,14,12,11,9,11,10,11,11,9,10,9,9,9,10,11,9,11,10,9,10,9,7,9,11,9,11,9,15,9,10,10,12,9,9,10,11,9,12,11,10,11,10,11,9,10,9,9,9,9,11,11,8,15,10,9,11,11,9,9,11,11,11,9,11,10,11,9,9,11,11,11,11,9,9,10,9,10,11,10,9,11,9,9,9,11,9,14,10,11,9,16,9,12,9,10,10,9,9,15,11,10,11,11,8,9,10,11,11,10,11,11,11,9,10,11,11,13,7,10,10,10,11,9,15,10,9,11,10,10,11,9,11,10,9,9,9,9,11,8,10,10,9,9,14,11,9,9,11,10,11,10,9,11,15,11,11,9,10,14,9,15,8,14,10,9,9,9,11,11,12,11,9,9,9,9,15,12,10,15,11,9,9,9,9,11,9,9,9,9,8,9,9,9,11,9,15,9,9,10,10,11,11,9,10,10,10,9,10,9,9,11,9,9,10,11,10,9,10,9,9,12,13,9,9,10,11,10,9,9,9,10,9,14,14,9,9,11,13,9,8
GBR-fs4,13,12,10,13,12,9,10,11,13,14,16,12,12,12,11,12,12,12,13,12,13,12,15,12,12,12,10,12,15,10,12,13,12,10,11,12,12,12,11,11,12,9,13,10,11,9,13,10,11,17,10,12,12,12,15,12,12,11,9,11,12,11,12,12,10,10,12,12,10,11,15,12,12,12,11,12,12,13,7,12,11,12,12,10,10,12,16,12,11,11,10,12,12,16,12,12,11,12,11,16,12,11,12,10,9,10,12,12,11,9,11,12,10,17,11,10,12,12,12,12,9,11,10,12,13,12,12,12,12,8,14,12,12,9,12,12,10,13,11,12,13,12,12,12,11,12,12,12,12,12,11,14,11,13,9,12,11,11,11,11,12,10,10,10,17,12,11,10,10,12,12,12,11,10,12,15,12,12,8,12,8,18,10,12,12,11,12,10,10,12,12,12,16,16,12,12,12,12,12,11,10,12,10,12,11,11,7,10,10,10,11,12,10,9,12,12,14,11,12,11,11,10,12,12,11,11,16,12,13,13,10,12,16,11,10,11,10,10,11,10,11,16,12,10,11,11,11,10,10,9,11,13,10,12,11,10,9,12,12,14,13,12,10,10,10,12,11,13,12,16,10,12,9,9,10,11,10,10,9,18,11,9,9,10,12,12,11,16,10,16,11,15,9,12,14,11,13,12,13,10,13,13,14,10,13,11,10,12,10,11,10,12,12,12,12,10,12,11,10,12,12,12,11,12,11,16,12,10,16,10,10,12,9,9,11,12,12,12,10,17,10,12,16,12,12,10,13,10,12,10,9,10,12,12,12,12,12,12,12,11,13,10,8,11,11,12,11,12,11,10,12,12,12,17,16,12,16,11,12,7,12,12,12,11,12,16,11,11,10,16,12,10,11,7,9,10,10,10,13,12,12,11,11,12,12,12,10,11,12,11,12,11,12,10,12,12,12,12,12,11,11,15,12,10,13,10,13,10,10,9,14,13,9,13,10,10,9,12,10,10,12,12,12,10,10,11,10,10,10,14,12,7,11,10,16,12,12,15,12,10,12,12,12,12,10,15,10,10,12,11,12,12,15,11,10,12,12,11,12,10,12,10,13,12,11,12,14,12,13,16,11,10,10,11,10,14,11,17,12,10,11,12,9,11,15,10,10,10,7,12,12,12,12,12,12,17,12,7,12,16,12,10,13,10,11,12,12,11,12,10,10,13,12,14,10,10,12,13,13,12,10,11,9,12,12,17,10,11,10,11,12,11,10,12,10,16,10,11,12,11,13,12,12,13,10,13,12,12,12,12,9,12,13,14,15,10,9,12,11,12,9,13,12,10,10,12,11,11,12,11,13,12,12,12,12,10,11,9,7,12,10,12,13,10,11,9,11,10,10,11,11,12,9,12,10,10,12,10,10,10,12,11,12,11,12,11,11,14,12,10,12,12,12,9,13,12,10,12,12,12,13,12,10,12,11,13,11,12,12,10,14,10,14,12,12,11,10,10,12,10,15,12,11,10,10,9,11,10,12,12,12,12,10,10,12,13,14,16,11,13,10,10,10,11,7,12,11,10,9,10,11,11,12,10,10,12,12,9,12,12,11,17,11,10,12,12,12,12,14,11,11,17,11,11,10,10,12,11,12,10,10,12,12,10,10,12,12,10,12,12,10,11,16,11,12,11,12,11,12,12,10,10,11,11,12,10,12,13,11,16,11,12,12,12,10,12,12,13,12,10,16,13,12,10,12,12,12,12,11,12,12,10,11,12,12,11,12,12,11,12,10,8,11,12,11,12,10,16,11,12,12,13,10,10,12,12,10,13,14,12,12,11,12,10,12,10,10,10,11,12,12,9,16,12,11,12,12,10,10,12,12,12,10,12,12,12,11,10,12,12,12,12,10,10,12,10,11,12,12,10,13,11,12,11,13,10,15,12,12,10,17,12,13,10,12,11,12,11,16,12,12,12,12,9,10,11,12,12,12,13,12,12,10,12,12,12,14,9,12,11,11,12,10,16,12,12,12,12,12,12,10,12,12,11,11,10,11,12,9,11,12,11,11,16,13,10,10,12,11,12,11,10,12,16,13,12,11,12,15,12,16,9,16,12,12,10,11,12,13,13,12,11,10,12,10,16,13,12,16,12,10,11,10,10,12,10,12,10,11,9,12,10,10,12,11,16,11,10,12,12,12,12,10,11,11,13,10,11,10,10,12,10,11,11,12,11,11,12,12,11,15,16,11,11,12,12,12,10,12,10,12,10,15,15,11,12,12,15,10,9
DT-fs1,15,13,11,14,13,11,12,12,14,16,17,14,13,15,12,14,13,14,14,13,15,15,17,14,13,14,11,14,17,11,14,14,15,11,13,13,13,13,12,13,14,11,14,11,13,10,15,12,14,19,11,13,13,14,17,14,13,13,11,13,13,13,13,17,11,11,14,13,11,12,16,13,13,13,14,15,13,14,10,14,13,15,13,12,12,13,17,14,13,13,12,13,14,17,13,14,13,13,13,17,13,12,13,11,10,12,13,13,12,10,13,13,12,18,13,11,13,13,13,13,10,13,12,13,14,15,13,13,13,10,17,17,15,10,13,14,12,15,14,14,15,13,17,15,13,13,13,14,15,13,13,17,12,17,11,13,12,13,13,13,13,11,12,12,19,13,13,12,11,14,15,13,12,12,13,17,13,13,10,13,10,19,13,14,13,12,15,11,11,14,15,14,17,17,14,14,13,14,13,12,11,14,13,13,13,12,10,11,12,12,12,13,13,11,14,14,17,13,14,14,13,11,13,13,13,12,17,13,14,14,11,14,17,12,11,14,11,12,13,11,13,17,13,12,12,14,12,11,11,10,13,15,12,13,14,11,11,14,14,17,15,13,11,12,12,13,13,16,13,17,12,13,11,10,12,13,11,12,10,19,14,10,10,13,14,13,13,17,12,17,14,17,10,13,16,12,15,13,17,11,15,16,16,12,15,12,11,14,13,13,11,13,13,13,14,12,14,13,12,13,13,14,13,13,12,18,13,13,17,12,12,14,10,10,13,14,13,14,12,19,11,13,17,13,15,11,14,11,13,11,10,12,14,17,13,13,13,14,13,13,14,13,10,13,13,17,13,13,13,11,15,14,14,19,18,13,17,12,14,10,14,13,14,12,13,17,13,13,11,17,13,13,12,10,10,11,11,12,15,13,13,13,14,15,14,15,11,12,13,13,13,12,17,11,14,15,13,13,14,13,13,17,15,12,15,11,14,12,11,10,17,17,11,14,11,12,10,15,12,11,13,14,14,11,12,12,11,12,12,17,14,10,13,12,17,13,13,17,14,13,13,13,13,13,12,17,11,12,13,12,14,13,17,13,12,13,13,12,13,11,13,12,15,13,14,13,17,13,15,17,12,12,11,13,11,17,13,19,15,11,13,14,10,13,17,11,11,11,10,14,15,13,14,13,13,18,15,10,15,17,14,12,15,13,13,14,13,12,14,11,11,14,13,17,12,12,14,15,14,15,11,12,11,13,15,18,12,13,12,13,14,13,11,14,12,17,12,13,15,13,14,13,14,16,11,14,13,13,13,13,11,14,15,17,17,12,10,13,12,13,10,14,15,12,11,15,13,13,14,13,16,14,14,13,13,12,14,11,10,14,12,13,15,11,13,10,13,11,12,13,14,14,10,13,11,11,13,12,11,12,13,13,14,14,13,12,13,15,14,11,13,13,13,10,15,15,11,13,13,13,15,13,12,14,12,16,13,13,15,12,17,11,17,13,14,13,11,12,15,11,17,17,13,13,12,11,12,12,15,14,13,13,12,11,13,15,17,17,13,16,13,11,11,12,10,14,14,12,10,12,13,13,13,11,11,14,13,11,14,13,12,18,13,11,13,14,17,14,17,13,12,18,13,12,12,11,14,12,13,12,12,13,13,12,12,13,14,12,14,13,12,13,17,13,14,12,13,12,13,13,11,12,13,12,15,11,13,14,13,17,13,13,15,13,12,14,13,15,13,11,17,14,13,11,13,13,17,14,13,13,13,11,13,14,13,13,15,13,13,13,11,10,13,15,13,13,11,17,12,14,13,15,12,11,13,13,11,15,17,14,13,14,15,11,13,12,12,11,13,15,14,11,17,13,12,13,13,12,11,14,14,14,11,14,14,14,13,11,14,14,14,14,12,11,13,11,13,14,13,12,15,12,13,12,15,11,17,13,15,12,19,13,14,11,13,14,13,12,17,17,13,17,14,10,11,13,13,15,14,15,14,13,12,13,14,13,15,10,14,13,14,14,12,17,13,13,15,13,13,13,11,15,13,13,12,11,12,14,11,13,14,13,12,17,14,12,12,13,13,13,14,12,13,17,16,13,12,14,17,13,18,10,17,13,13,13,13,13,14,15,13,13,11,13,12,17,14,13,17,13,11,12,12,11,15,11,13,12,13,10,13,11,12,14,13,17,12,11,14,13,16,14,11,14,13,14,11,13,11,12,14,12,12,13,13,13,13,14,13,12,17,17,12,12,14,13,14,11,13,11,14,12,17,17,12,13,14,17,11,11
SVR-fs1,8,14,16,9,14,16,16,17,10,8,5,13,14,9,19,10,14,11,12,14,8,10,8,13,14,11,15,10,6,16,11,10,10,16,15,14,14,14,18,15,13,16,10,16,16,16,8,16,13,5,15,14,14,10,9,10,14,15,15,14,14,15,14,9,16,16,10,14,15,16,6,14,14,14,12,9,14,10,18,13,14,9,14,16,15,14,6,13,15,15,16,14,10,5,14,10,14,14,14,6,14,19,14,15,16,15,14,14,19,16,14,14,16,5,15,15,14,14,14,14,16,14,16,14,11,9,14,14,14,17,8,10,10,16,14,10,15,8,13,10,8,14,9,9,14,14,14,11,9,14,14,9,16,8,16,14,16,15,15,14,14,15,16,15,5,14,14,15,16,10,9,14,19,15,14,6,14,14,17,14,17,5,15,11,14,16,9,15,15,10,9,11,5,6,13,10,14,13,14,16,15,13,14,14,15,19,18,18,15,15,16,14,14,15,13,13,9,14,10,13,15,15,14,14,14,16,6,14,9,11,16,10,6,16,15,13,16,16,15,16,14,6,14,15,19,12,16,16,15,17,14,8,16,14,13,16,16,11,13,8,8,14,16,16,16,14,14,8,14,5,15,14,16,17,16,15,16,15,16,5,13,16,16,14,10,14,14,6,16,6,13,6,16,14,8,19,8,14,8,15,8,8,8,15,8,19,16,11,15,15,16,14,14,14,10,16,10,14,15,14,14,10,14,14,19,5,14,15,5,15,15,13,16,17,14,13,14,9,16,5,15,14,5,14,10,15,11,15,14,15,17,15,13,10,14,14,14,10,14,14,10,14,17,14,14,9,14,14,15,15,10,10,13,5,5,14,6,15,10,18,13,14,10,16,14,6,14,14,16,5,14,15,16,18,16,15,15,15,8,14,14,14,13,9,13,9,16,17,14,15,14,19,10,15,10,9,14,14,11,14,14,6,9,16,8,16,9,15,16,17,9,9,16,11,16,19,16,9,19,16,14,13,13,15,16,16,15,16,16,9,13,18,15,16,8,14,14,8,11,15,14,14,14,14,16,7,15,18,14,19,10,14,6,15,16,14,14,16,14,15,14,15,8,14,13,14,8,14,8,6,19,15,16,14,16,8,14,5,10,16,14,13,16,14,8,15,15,16,18,10,9,14,10,14,14,5,10,18,9,7,13,16,8,14,14,10,14,16,11,15,15,11,14,8,17,15,10,8,10,9,16,15,16,14,10,5,16,14,18,15,10,14,15,10,15,6,19,16,9,14,10,14,10,9,15,10,14,14,14,14,16,10,8,8,8,16,17,14,19,14,17,10,9,16,16,10,15,14,10,15,8,9,10,14,14,16,13,16,18,10,16,14,8,16,15,17,14,16,16,15,12,11,16,14,16,15,14,15,15,16,14,15,10,12,14,16,14,8,10,15,14,14,14,16,8,9,15,14,14,14,8,14,16,10,17,8,14,14,9,16,8,15,8,14,10,14,18,16,10,16,8,9,14,14,15,16,19,15,9,13,14,14,16,16,14,8,8,6,14,8,14,15,16,15,18,10,13,15,16,15,14,17,14,15,16,11,14,15,13,14,16,5,14,15,14,10,10,13,8,14,19,5,14,18,15,16,10,17,14,16,16,14,14,15,16,14,13,16,11,14,15,14,6,14,10,19,14,16,14,14,15,16,14,18,9,15,14,11,14,6,15,14,9,14,16,9,14,8,14,16,8,10,14,16,14,14,10,9,14,14,14,16,14,13,14,15,9,14,14,14,15,17,14,9,14,14,15,6,19,13,14,8,16,15,14,14,16,8,8,11,14,13,9,15,14,16,15,16,14,10,10,17,5,14,16,14,14,16,15,10,10,10,15,10,13,10,14,15,9,13,10,13,16,15,14,16,15,10,14,16,9,19,14,16,9,15,8,14,9,16,5,14,10,16,14,12,14,16,6,9,14,9,10,15,15,14,14,9,13,9,10,14,16,14,10,14,8,16,13,15,13,10,15,5,14,14,10,14,14,14,16,9,14,14,15,15,16,10,15,14,13,14,18,8,10,16,16,14,16,14,13,16,14,5,8,14,16,11,7,14,5,16,6,14,14,14,14,14,12,8,14,15,15,14,16,6,10,14,5,14,15,17,19,15,10,15,14,15,16,16,14,18,16,10,15,5,15,16,11,14,9,13,16,13,14,12,15,14,16,15,10,16,15,14,14,15,15,13,14,19,8,8,15,18,13,14,13,16,14,15,13,16,7,6,19,14,10,8,15,16
SVR-fs3,11,15,14,15,15,14,14,15,15,11,12,15,15,13,16,15,15,15,15,16,12,14,11,15,15,15,14,16,11,14,16,15,13,14,17,15,15,15,15,17,15,14,15,14,18,14,11,14,16,13,14,15,15,15,13,16,15,16,14,15,16,17,15,13,14,14,16,15,14,14,11,15,15,15,16,13,15,15,14,15,15,13,15,15,14,15,12,15,16,16,15,15,15,12,15,15,15,15,15,12,15,15,17,14,14,14,16,15,18,14,15,15,15,13,16,14,15,15,15,15,14,15,14,15,15,13,15,15,15,14,12,15,14,14,15,16,14,11,16,15,11,15,13,13,15,17,15,16,14,15,15,13,15,11,14,15,15,16,16,15,16,14,14,14,13,15,15,14,14,15,14,15,16,14,15,11,15,15,14,15,14,13,14,16,15,15,13,14,14,15,13,16,11,11,15,15,16,15,15,15,14,15,15,15,17,15,14,15,14,14,15,15,15,14,15,15,12,15,15,16,17,14,15,16,15,15,12,15,15,15,14,15,11,15,14,15,15,14,17,14,15,12,15,14,16,16,15,15,14,14,15,12,15,17,16,14,14,15,15,11,11,15,15,15,15,15,15,11,16,12,14,16,14,14,15,18,15,14,14,13,16,14,14,15,15,15,15,12,15,12,16,11,14,15,11,15,11,16,12,14,11,11,11,14,11,17,14,15,14,16,15,15,15,15,15,14,15,15,14,15,15,16,16,15,15,13,15,14,11,14,14,15,14,14,15,15,16,15,15,13,14,16,13,17,14,14,15,14,16,14,14,14,15,13,15,15,15,15,15,15,15,15,14,15,16,13,17,15,16,14,13,15,15,13,13,15,12,14,15,14,15,15,15,15,15,12,15,15,15,12,15,14,15,14,14,14,14,14,11,15,16,15,16,14,15,14,14,15,15,16,15,16,13,14,15,13,15,15,16,16,15,11,13,14,11,14,15,14,15,14,13,12,14,15,14,15,14,13,15,14,15,15,15,14,15,15,14,15,15,13,15,14,16,14,12,15,15,11,15,14,15,17,16,15,15,11,14,15,17,16,15,15,11,17,15,15,15,15,15,14,15,14,11,15,16,15,11,15,11,12,15,14,14,15,14,13,15,13,14,14,15,15,14,15,11,14,14,14,14,15,13,16,16,15,15,13,14,14,14,11,15,15,11,15,15,15,15,17,16,14,14,15,15,13,15,14,15,11,15,14,14,14,14,15,14,13,15,15,15,17,15,16,14,15,14,12,15,17,13,15,15,15,15,12,14,15,15,16,16,15,14,15,11,11,11,14,14,17,16,17,14,15,13,15,14,14,16,15,16,14,11,15,15,15,17,14,16,14,14,15,14,15,11,14,14,14,15,15,15,17,16,16,14,16,14,14,15,14,14,15,15,17,15,16,16,15,15,11,16,14,15,17,15,14,11,14,14,16,15,16,11,15,15,16,15,11,15,17,14,15,12,14,12,15,15,15,15,15,14,15,11,13,16,15,14,14,16,14,13,15,15,15,15,14,15,11,11,12,15,12,15,14,14,14,14,15,16,14,14,14,15,18,17,14,14,16,15,14,15,15,15,13,15,14,15,15,13,15,13,16,17,13,15,15,14,14,15,15,15,15,15,15,15,14,15,15,15,15,16,15,14,15,11,16,15,16,15,15,15,15,14,15,15,15,13,14,15,15,15,13,14,15,13,15,15,15,16,11,15,14,11,15,15,14,15,15,14,15,15,15,17,14,15,16,15,14,13,16,16,16,14,14,15,13,15,15,14,12,15,15,15,11,15,14,15,15,14,11,12,15,15,15,14,14,15,14,14,14,15,14,15,15,12,17,15,15,15,15,14,15,15,15,14,15,15,15,15,14,15,15,15,15,14,14,16,14,16,15,15,14,12,16,15,15,12,14,11,15,13,14,13,15,15,14,15,16,17,15,12,14,15,13,15,14,14,15,15,14,15,12,15,15,15,16,15,15,11,14,15,17,15,16,14,11,15,15,13,15,15,15,15,13,16,15,14,14,15,15,14,15,15,15,15,11,15,14,14,15,17,15,15,14,15,11,12,15,15,16,11,15,13,14,11,15,17,15,15,15,15,11,15,17,14,15,14,11,15,15,13,15,14,15,15,14,14,14,16,14,18,14,16,15,14,15,14,11,14,14,15,17,13,15,14,16,15,15,14,15,14,14,16,15,14,15,15,17,14,15,17,17,13,12,14,15,15,15,15,14,15,14,15,15,11,11,15,15,15,12,14,14
ANN-fs3,18,16,17,17,17,18,17,16,17,18,14,16,17,17,17,16,16,16,16,15,17,16,16,17,17,16,18,15,16,17,15,17,16,17,16,17,17,16,17,16,16,17,17,17,15,19,17,17,15,14,17,17,16,16,14,15,16,17,18,16,15,16,16,15,17,17,15,16,17,17,17,16,17,16,15,17,16,17,19,17,17,17,17,17,18,16,14,16,17,17,17,16,16,14,16,17,17,17,16,14,16,17,16,17,18,17,15,16,17,19,17,17,17,14,17,18,17,16,17,16,19,17,17,16,17,16,16,16,16,19,16,14,16,19,16,15,17,18,15,16,18,16,15,17,17,16,16,15,17,16,17,15,17,16,18,17,17,17,17,16,15,17,17,17,14,17,17,17,17,16,17,16,17,17,17,16,17,16,19,17,19,14,17,15,16,17,17,18,18,16,17,15,14,14,17,16,15,16,16,17,17,17,18,16,16,17,19,16,17,16,17,16,16,18,16,17,15,17,16,15,16,16,16,15,17,17,14,16,17,17,17,16,14,17,18,16,17,17,16,17,17,14,16,16,18,15,17,17,16,19,17,18,17,16,15,17,18,16,17,16,17,16,18,17,17,16,17,17,15,14,17,15,18,18,17,16,17,17,19,14,15,19,19,16,17,16,18,14,17,14,15,16,18,16,18,17,17,15,16,17,17,18,18,17,17,16,18,16,16,17,17,16,16,16,17,17,16,17,16,17,16,15,17,16,17,14,16,16,14,17,16,16,19,19,17,16,15,17,17,14,17,15,14,15,17,18,16,17,15,18,18,17,17,16,16,16,16,17,17,17,17,18,19,17,17,15,16,16,17,18,16,16,16,14,14,16,14,17,16,19,16,16,17,17,16,14,17,18,17,14,16,16,17,19,19,17,18,17,18,16,15,17,15,17,17,17,17,16,16,17,16,17,15,18,16,17,16,16,15,17,17,16,16,17,18,17,17,17,17,18,15,15,18,16,17,17,19,17,17,17,16,16,16,18,17,17,18,17,17,15,17,19,17,17,15,16,16,16,16,16,16,15,15,16,17,16,18,17,16,18,16,16,16,16,17,16,16,17,16,17,16,17,18,17,15,16,16,16,18,14,17,17,17,17,17,15,17,14,16,17,16,17,19,16,16,18,17,17,19,16,17,15,15,16,16,14,16,19,17,15,16,17,17,16,16,17,16,15,15,17,16,17,17,15,16,17,16,17,17,17,17,17,18,16,16,14,17,17,17,16,16,17,17,16,17,14,17,15,17,17,17,16,16,18,17,17,16,15,15,17,18,16,17,16,16,17,18,15,18,16,18,16,17,17,17,16,17,16,15,17,18,17,17,16,15,17,15,18,19,16,17,16,17,17,17,18,17,17,17,16,15,15,19,15,17,17,16,17,18,17,16,16,16,15,15,17,16,18,15,18,16,15,16,19,17,17,17,15,16,15,17,16,17,15,16,18,16,15,17,17,16,17,16,16,17,16,17,17,16,17,16,15,17,17,18,17,18,17,17,16,17,16,17,17,16,17,16,14,16,17,16,17,17,17,19,16,15,17,19,16,17,15,16,17,17,15,17,18,16,17,17,14,16,16,16,17,15,16,15,17,16,14,17,17,17,17,16,16,17,17,17,17,16,18,17,16,16,17,15,16,17,16,14,17,16,17,16,17,16,16,17,17,16,17,17,17,16,16,16,14,16,16,17,16,17,17,15,17,17,17,15,17,16,17,16,16,15,17,16,16,16,17,17,15,16,17,17,15,17,15,18,19,17,17,16,16,17,14,17,16,16,17,17,17,16,17,17,17,16,16,16,16,17,18,16,17,17,17,16,16,17,18,14,15,17,16,16,17,18,16,16,16,18,16,16,17,17,16,17,17,16,16,17,16,15,17,17,16,17,17,17,18,16,17,18,16,16,16,17,17,14,16,17,17,16,15,16,17,14,15,16,16,16,19,18,17,16,17,16,17,16,16,17,15,17,16,18,19,16,16,16,15,17,14,16,16,16,16,16,16,17,17,15,16,17,18,17,16,18,17,16,16,16,15,17,17,17,17,15,17,16,17,17,14,17,16,17,15,16,16,14,19,15,16,16,16,16,16,17,18,16,16,17,16,17,14,17,16,14,17,17,16,18,17,16,18,15,17,15,19,15,17,17,17,17,14,17,17,16,15,18,17,17,15,17,17,18,17,17,18,15,17,17,16,16,16,17,16,15,16,14,14,17,17,16,17,16,17,16,18,16,17,16,16,17,16,17,16,16,18
SVR-fs2,14,17,21,16,16,20,21,22,16,13,13,17,16,16,22,17,20,17,17,20,16,18,14,16,16,17,19,18,12,21,18,16,18,19,21,16,16,18,22,21,17,20,16,21,22,20,16,20,21,12,19,16,20,18,16,18,17,21,19,17,21,21,17,18,21,21,18,19,18,20,12,18,16,17,18,16,17,16,21,16,16,16,16,22,16,17,13,17,21,21,22,18,18,13,17,16,20,16,18,13,18,22,20,19,22,18,21,17,22,20,20,16,22,12,21,19,20,17,16,17,20,19,21,19,16,17,20,17,17,20,15,18,18,20,18,18,19,14,20,18,14,17,16,16,16,20,17,18,16,17,16,16,20,14,22,16,21,21,20,17,20,19,21,18,11,16,18,20,21,18,16,18,22,18,16,12,16,17,23,16,20,11,16,18,17,22,16,19,19,18,16,18,13,13,16,17,18,17,18,22,19,16,16,17,21,22,21,22,18,18,22,18,17,20,17,16,16,19,18,18,21,18,17,18,16,20,13,18,16,16,21,17,13,20,19,17,21,21,21,21,16,13,18,18,22,18,22,22,17,22,18,14,22,21,18,19,22,17,16,15,16,18,22,22,21,18,20,14,20,13,19,20,22,22,22,22,22,18,20,11,18,20,21,17,16,17,16,13,21,13,18,12,21,17,12,22,16,21,15,19,16,14,12,20,16,22,22,17,17,21,22,17,20,19,16,20,18,20,18,16,20,18,20,20,22,12,17,18,12,18,18,17,20,22,20,17,19,16,22,12,19,21,12,20,16,17,17,19,20,19,22,19,16,18,17,20,17,16,16,18,16,16,23,19,20,16,20,17,22,19,18,17,17,11,12,17,13,18,18,20,17,17,16,22,17,13,20,16,22,13,17,17,22,20,20,18,19,18,14,18,21,18,17,16,16,16,21,22,17,21,18,22,18,19,17,16,19,17,18,20,20,12,17,20,14,21,16,18,22,22,16,16,22,17,20,22,20,16,22,21,17,17,17,17,22,22,19,22,22,16,16,20,21,21,13,20,20,14,17,17,17,20,20,17,22,12,17,22,20,22,17,17,12,21,22,19,17,22,17,19,17,18,14,16,18,17,15,17,14,13,22,19,21,20,21,16,18,12,18,21,19,16,20,17,13,17,19,21,20,18,16,17,18,19,19,12,18,20,16,13,17,22,16,17,17,16,17,22,18,16,17,16,16,16,22,18,17,16,16,16,19,20,23,17,17,12,21,20,22,21,17,21,18,17,18,13,22,22,16,20,16,19,17,15,18,16,17,20,18,16,20,17,16,15,13,20,22,20,22,21,23,17,16,22,22,18,21,18,18,18,14,16,16,18,21,21,20,20,20,17,21,20,16,21,18,22,20,22,21,21,18,18,20,21,22,18,17,18,19,22,18,21,17,18,19,22,18,12,18,19,19,21,17,20,16,16,19,20,17,21,16,17,22,18,22,14,18,21,16,22,15,19,15,17,16,17,22,22,17,22,14,16,20,16,17,20,22,18,16,17,16,18,22,21,20,16,15,13,18,14,18,19,20,20,20,17,21,18,20,18,19,22,20,18,21,18,16,20,17,16,22,12,18,17,17,16,18,17,16,20,22,12,20,22,18,20,17,22,16,22,22,16,18,17,21,17,17,22,18,17,18,18,12,20,18,22,18,21,17,17,19,22,18,22,16,19,17,17,18,12,18,17,16,17,22,16,18,16,20,21,13,16,17,21,17,18,18,16,18,17,20,20,19,19,17,19,16,20,20,20,19,20,20,16,18,18,19,13,22,17,17,16,21,20,18,16,22,16,15,18,18,17,16,19,17,21,19,21,17,18,16,23,13,21,22,17,17,22,17,17,17,17,17,18,17,16,19,17,16,16,17,17,21,17,20,20,21,17,16,21,16,22,19,22,16,17,12,18,16,21,11,19,16,21,18,18,20,22,13,16,17,18,17,20,19,19,17,16,17,16,18,17,22,18,16,17,12,20,17,21,17,18,18,13,17,19,18,18,17,17,21,16,19,17,20,19,22,17,20,20,17,18,22,13,16,21,20,16,22,16,17,21,16,12,14,18,20,18,12,19,12,20,13,17,20,17,17,17,16,14,17,21,19,19,21,12,16,17,12,16,18,22,22,18,17,19,20,18,22,20,20,22,20,16,18,13,20,21,17,21,17,16,21,20,16,16,19,20,21,16,18,22,20,20,17,21,20,17,20,22,16,15,20,22,17,16,17,21,19,17,17,22,12,12,22,20,16,14,18,22
RF-fs4,25,18,15,21,20,15,15,14,20,23,28,20,19,23,14,20,17,19,19,17,23,20,22,21,20,19,17,20,27,15,19,20,20,15,14,20,19,17,14,14,19,15,20,15,14,15,25,15,17,29,16,19,17,20,22,20,18,14,17,18,17,14,18,22,15,15,20,17,16,15,27,17,19,18,19,21,19,20,15,20,19,21,19,14,19,18,24,19,14,14,14,17,20,28,18,20,16,19,17,25,17,14,15,16,15,16,17,18,14,15,16,19,14,29,14,17,16,18,20,18,15,16,15,17,20,21,17,19,18,15,22,20,20,15,17,20,16,23,17,20,25,19,21,25,19,15,18,19,23,18,19,21,14,23,15,19,14,14,14,19,17,16,15,16,29,19,16,16,15,20,21,17,14,16,19,27,19,18,15,19,15,29,19,19,18,14,22,16,17,20,23,19,28,28,20,19,17,19,17,14,16,21,19,19,14,14,15,14,16,17,14,17,19,16,19,20,22,16,20,19,14,17,18,17,19,14,28,17,21,21,15,20,24,14,17,19,14,15,14,15,19,25,17,17,14,19,14,14,19,15,16,22,14,15,19,15,15,19,20,22,23,17,14,14,14,17,16,23,17,28,16,17,15,15,14,14,14,16,15,29,19,15,15,18,20,18,19,28,14,25,19,24,15,18,26,14,25,17,22,16,25,23,23,16,25,14,15,19,18,14,14,18,17,17,20,15,19,16,17,20,17,20,15,17,14,29,18,17,28,16,17,19,15,15,16,19,17,21,14,29,16,17,26,16,21,19,19,16,17,17,15,16,20,20,18,17,19,20,20,16,21,19,15,16,15,20,15,18,14,16,21,20,19,29,29,18,25,16,20,15,19,19,20,14,18,24,16,19,14,28,18,19,14,15,15,16,16,16,23,17,17,16,19,21,20,21,15,14,18,14,17,14,20,17,21,22,17,18,19,15,16,27,21,15,23,15,21,16,14,15,22,22,15,19,15,14,15,21,14,15,19,19,19,19,14,14,16,14,14,22,20,15,14,15,23,17,17,22,19,19,18,16,17,19,14,24,19,14,15,14,19,18,27,14,14,17,18,14,18,16,19,16,25,19,19,18,22,18,23,25,14,16,15,16,15,22,16,29,20,15,17,21,15,19,22,19,16,15,15,20,21,18,20,17,17,29,20,15,21,24,20,14,23,18,18,21,18,14,19,19,19,20,20,22,14,16,19,25,21,23,15,16,15,18,21,29,14,16,14,14,19,15,16,19,16,26,14,14,21,16,21,17,20,22,19,21,18,17,17,19,15,19,25,22,24,15,15,16,14,15,15,20,22,14,15,20,14,17,20,16,23,20,21,17,16,15,17,15,15,19,15,17,23,15,16,15,16,14,14,14,19,19,15,17,15,16,18,16,16,14,17,14,19,19,17,14,17,25,19,16,17,16,18,15,23,21,16,17,18,17,25,18,14,20,14,23,17,16,21,14,22,16,22,18,21,19,14,14,21,14,22,22,15,19,19,15,14,16,21,19,19,17,14,15,17,23,22,28,17,22,17,16,15,16,15,20,17,16,15,17,16,14,15,16,15,19,19,16,20,19,14,29,17,19,18,20,20,19,22,15,14,29,16,14,16,15,19,14,20,14,14,19,17,19,14,18,19,14,19,19,16,17,28,15,20,14,17,14,18,18,16,14,17,14,22,16,18,19,17,26,17,18,21,18,14,21,17,23,16,15,24,20,18,15,19,17,20,21,17,18,15,15,16,17,19,16,23,17,15,17,16,15,16,23,17,17,16,25,14,19,18,25,14,16,17,20,15,25,22,19,17,19,25,16,18,15,16,15,18,20,20,14,28,16,14,18,18,14,19,20,19,20,19,20,19,20,16,19,21,20,20,20,15,19,17,15,14,20,19,15,23,14,17,14,22,19,24,17,22,15,29,17,20,15,17,19,15,14,25,20,18,21,20,16,17,16,18,24,18,23,20,18,14,17,20,18,26,15,19,14,19,19,16,28,18,17,20,17,18,19,14,23,17,18,16,16,14,19,16,16,20,17,14,22,20,15,15,20,14,19,19,15,20,28,22,17,14,19,24,17,26,15,24,18,15,19,18,18,20,23,20,14,16,17,15,28,21,18,26,20,16,14,14,16,21,16,17,16,14,15,17,14,15,20,16,28,16,15,19,16,22,21,15,18,19,20,16,16,15,19,20,14,16,17,19,14,16,19,16,14,22,22,16,14,19,20,19,15,17,19,19,14,26,27,14,17,21,22,17,15
SVR-fs4,19,19,23,18,18,17,23,25,19,19,19,19,18,19,27,19,24,21,20,25,19,21,20,18,18,22,16,25,19,22,24,18,21,22,26,18,18,23,25,26,20,18,18,22,27,18,19,23,25,18,18,18,24,22,21,25,19,24,16,19,25,25,19,20,23,23,25,25,19,23,19,24,18,19,24,19,18,19,17,18,18,19,18,23,17,21,20,20,24,24,23,23,22,19,20,19,23,18,21,20,23,25,25,18,20,22,25,19,27,17,23,18,23,19,24,16,24,22,18,22,18,23,23,24,18,19,24,18,20,18,20,23,21,17,24,24,23,19,25,22,19,20,22,19,18,25,20,24,19,21,18,22,23,19,21,18,24,24,24,18,25,18,22,19,18,18,23,23,23,23,19,23,27,20,18,19,18,19,18,18,16,17,18,24,21,23,19,17,16,22,19,25,18,19,18,21,25,22,22,24,18,18,17,18,26,26,17,25,19,19,23,23,18,17,21,18,21,23,21,24,25,19,20,25,18,23,20,24,18,18,22,21,19,23,16,23,23,23,26,22,18,20,24,19,26,25,25,23,18,18,23,19,23,25,24,22,21,22,19,19,19,20,23,23,23,24,24,19,25,19,23,25,19,19,23,27,23,22,18,17,24,17,18,19,19,19,17,20,23,20,24,19,19,21,19,25,19,25,19,18,19,19,19,23,19,27,23,22,19,25,23,21,24,24,19,23,23,24,19,18,24,25,24,25,25,19,21,20,19,22,19,22,17,18,24,21,25,19,23,18,20,25,20,25,19,16,20,18,25,16,20,22,18,21,22,24,18,19,18,23,18,17,18,24,24,22,25,22,26,17,20,19,21,18,19,19,20,23,22,16,21,18,19,23,21,20,24,17,23,19,19,18,23,17,18,19,17,22,19,21,25,23,24,19,18,19,23,25,19,24,24,27,22,16,19,19,24,23,23,24,24,19,19,23,19,22,18,19,23,19,21,21,19,20,18,25,17,19,25,23,18,20,22,16,23,24,17,23,23,21,18,17,25,23,20,24,25,19,23,18,20,25,25,18,23,19,16,25,25,25,21,19,19,25,23,24,19,23,21,18,18,19,19,18,24,21,20,20,19,20,25,23,23,24,22,21,23,18,21,19,24,18,17,18,19,16,18,22,16,22,19,23,23,24,24,19,21,16,19,19,19,23,19,19,19,19,20,27,25,18,18,18,18,21,25,22,21,19,18,18,20,23,21,21,19,19,23,24,25,25,22,25,20,21,20,20,25,27,19,24,18,24,19,19,16,18,19,25,25,18,19,23,19,19,19,22,19,25,27,25,21,19,19,24,21,21,24,21,23,22,19,19,19,24,25,23,25,19,16,21,23,24,19,23,21,19,24,23,23,26,24,24,18,25,20,20,22,19,17,23,24,26,20,24,25,24,23,19,24,17,24,25,21,18,19,19,18,25,19,25,19,19,24,24,25,19,23,25,19,23,19,18,20,19,19,18,25,23,19,23,19,20,24,18,16,19,27,21,19,22,18,24,23,23,24,19,19,20,21,19,19,18,19,23,16,21,25,20,17,19,23,27,25,19,22,24,18,17,19,18,23,19,23,18,20,19,22,21,21,24,27,19,24,27,23,19,21,26,18,23,23,18,24,16,23,19,22,23,24,18,22,21,19,24,22,27,23,23,23,21,18,23,23,25,19,18,20,20,20,20,21,19,19,20,23,18,25,19,24,22,20,18,19,22,18,21,22,18,21,21,25,22,23,25,18,23,19,25,24,25,17,16,23,19,21,23,18,20,25,23,21,19,23,18,23,18,20,19,19,23,23,23,18,17,20,22,22,23,19,21,19,21,19,25,23,19,22,23,16,19,21,21,16,21,21,19,23,18,18,18,19,19,23,18,25,19,25,21,18,23,19,25,24,25,19,18,19,23,19,23,18,24,18,22,23,24,25,25,20,22,23,20,21,17,16,24,20,18,23,19,23,20,23,25,19,21,19,18,21,25,23,23,21,19,23,24,21,23,23,18,23,19,25,19,23,17,25,21,17,24,19,22,26,20,19,23,23,18,27,18,23,23,18,19,19,22,23,23,19,24,20,17,19,23,25,18,19,22,18,19,19,26,18,24,23,19,18,23,20,18,19,26,25,19,19,17,25,19,27,17,25,25,23,19,21,19,23,23,22,25,19,18,22,25,18,19,17,24,19,17,24,23,23,24,20,25,23,21,25,27,21,21,23,26,23,18,21,23,24,16,20,23,19,19,26,24,19,20,19,19
DT-fs4,22,20,20,22,22,21,18,19,21,22,24,21,20,22,18,21,18,20,21,18,22,19,21,22,22,20,21,19,24,18,20,21,19,20,19,21,22,19,19,19,21,21,22,20,19,21,24,18,19,27,21,21,18,19,20,19,20,18,21,20,18,19,20,19,19,20,19,18,21,18,24,19,22,20,20,20,21,21,23,21,21,20,20,19,21,20,22,21,18,19,19,19,19,24,21,22,18,20,19,21,19,18,18,21,21,19,18,20,16,21,18,21,19,27,18,21,18,19,21,19,21,18,18,18,21,20,18,21,19,22,21,19,19,21,19,19,18,22,19,19,24,21,19,24,21,18,19,20,22,20,20,19,18,21,20,22,19,19,18,20,18,21,18,20,27,21,19,18,20,19,22,19,18,19,21,24,22,20,21,20,22,27,20,20,19,19,20,21,21,19,22,20,26,22,21,20,19,20,19,19,21,22,20,21,19,18,24,20,20,20,19,19,20,21,20,22,20,18,19,20,19,21,19,19,20,18,22,19,22,22,19,19,22,18,21,20,20,18,19,19,20,22,19,20,17,20,19,20,20,21,19,21,19,18,20,20,20,20,21,21,22,19,20,19,19,19,18,22,18,24,18,18,20,21,19,19,20,19,21,27,20,21,20,20,21,20,22,22,18,21,20,22,20,20,24,18,24,18,21,21,24,21,22,18,24,18,20,20,20,19,20,19,18,18,21,18,20,18,20,21,18,19,18,18,18,27,20,19,26,19,20,20,21,21,18,20,18,22,19,27,21,18,22,18,20,21,21,21,18,21,21,18,22,19,19,18,21,21,21,19,22,21,22,18,18,19,18,19,19,21,19,21,20,27,27,20,21,19,19,22,20,21,21,19,20,21,18,22,20,26,20,20,19,22,21,20,21,19,22,19,18,19,20,20,21,20,18,19,20,18,19,18,19,21,20,20,18,20,20,18,18,22,20,18,22,19,22,20,20,21,19,19,20,21,21,18,21,20,18,19,20,21,20,21,19,19,21,19,19,19,22,22,18,18,21,18,18,21,20,20,19,18,18,20,19,22,21,19,18,17,20,20,24,19,19,18,20,19,19,21,21,20,24,20,20,20,21,19,22,22,18,18,18,18,19,20,19,27,19,20,18,22,21,20,21,21,21,19,23,19,20,20,19,18,18,25,19,22,20,22,21,19,22,20,20,20,21,19,20,21,20,22,22,20,19,19,20,24,22,24,21,18,20,19,20,25,18,18,19,19,20,18,21,20,19,22,18,19,20,18,22,18,21,21,21,22,20,18,19,22,21,20,24,21,21,18,21,18,17,18,20,21,20,19,19,19,19,19,19,19,22,21,20,19,18,18,19,21,22,20,18,18,22,20,19,21,18,20,19,19,20,20,21,18,19,21,19,20,21,19,19,19,21,20,18,19,19,22,20,21,18,18,20,21,22,22,21,18,21,18,22,20,19,19,19,22,19,18,20,19,21,21,21,20,20,20,20,19,20,20,21,19,18,20,22,21,17,19,20,20,21,19,19,19,18,22,21,22,19,21,20,21,21,18,22,19,19,19,21,20,18,19,18,21,20,20,21,21,21,20,19,25,19,20,19,21,19,20,20,18,18,25,18,19,19,21,20,19,22,19,19,22,19,22,19,20,20,19,20,21,19,19,22,18,19,18,19,18,20,20,21,19,19,19,21,21,19,21,19,21,19,20,20,19,19,22,19,22,18,19,21,22,21,20,21,19,19,22,19,19,18,19,18,20,21,18,22,18,18,18,21,22,18,21,19,19,21,21,18,20,20,24,19,21,19,22,19,24,21,20,19,20,24,21,19,18,18,19,20,19,21,20,24,18,19,21,19,19,21,21,20,19,21,19,20,21,18,20,24,21,21,21,18,21,18,21,19,19,20,18,21,17,18,19,21,21,21,19,20,18,27,18,21,19,19,20,18,19,21,19,20,19,19,21,21,18,19,25,20,22,19,19,19,20,21,20,24,21,20,19,20,20,19,22,20,18,19,19,19,21,20,20,18,20,18,21,19,20,21,18,21,19,19,21,21,18,18,22,19,21,20,18,21,26,21,19,18,20,22,18,22,21,22,20,18,20,20,19,21,22,21,19,21,18,19,22,22,20,22,21,21,19,17,21,20,21,18,20,19,21,18,20,18,21,19,24,18,20,20,18,20,24,19,19,20,21,21,18,20,20,19,19,18,18,21,19,18,20,18,18,20,20,18,19,20,22,20,20,18,21,21,19,22,22,18,18,20,21,21,20
ANN-fs2,17,22,30,19,19,32,26,26,18,15,11,18,21,18,24,18,22,18,18,21,18,17,12,19,19,18,31,17,13,26,17,19,17,27,23,19,21,20,26,23,18,32,19,29,23,32,18,26,18,9,28,20,22,17,11,17,21,23,31,24,20,23,21,14,27,27,17,21,27,24,13,21,20,21,17,18,20,18,32,19,22,18,21,26,27,19,11,18,23,23,27,20,17,11,19,18,24,21,24,11,21,26,22,29,32,26,19,23,25,32,24,20,26,10,23,29,22,20,19,20,32,24,26,21,19,18,22,20,22,32,11,13,17,32,21,17,26,17,18,17,17,18,14,18,22,22,21,17,18,19,21,12,24,15,30,21,23,23,23,22,21,29,26,24,9,20,24,24,28,17,18,20,25,26,20,13,20,21,32,21,32,9,25,17,20,26,18,30,29,17,18,17,12,12,19,18,20,18,21,23,29,19,23,20,23,25,32,28,26,24,26,20,23,31,18,19,13,24,17,17,23,26,21,20,21,24,11,22,19,19,27,18,12,24,29,18,28,27,23,29,21,11,21,24,25,17,23,29,25,32,24,17,26,22,17,27,30,18,18,13,18,22,29,26,27,22,23,15,21,11,24,21,32,32,27,23,29,26,32,9,17,32,32,23,18,22,21,11,26,11,17,13,32,19,15,26,18,19,14,30,18,17,15,26,18,23,30,18,25,23,29,20,21,22,18,26,17,23,24,19,22,17,23,21,26,11,19,24,13,24,24,18,32,32,23,18,20,18,26,9,28,20,11,21,18,29,18,27,21,29,32,26,19,14,20,22,20,18,19,24,19,23,32,23,23,14,23,20,23,31,17,18,18,9,11,21,11,24,17,32,18,20,18,25,19,11,22,21,28,11,21,25,26,32,32,26,29,24,17,22,19,24,18,18,19,18,27,26,22,23,22,24,14,29,18,18,21,19,17,23,23,13,18,25,17,27,19,25,28,32,12,14,30,18,32,27,32,18,27,27,21,18,18,29,26,26,30,27,27,12,19,32,23,26,11,22,22,12,18,25,22,21,19,21,27,13,29,28,22,27,18,21,13,23,27,21,21,24,22,27,20,24,17,21,17,19,13,21,17,11,26,24,27,23,26,12,24,9,17,29,23,19,32,22,12,27,29,29,32,17,18,19,17,22,21,9,17,32,18,12,18,27,18,24,24,18,19,23,17,27,25,19,19,11,26,24,18,18,19,19,28,24,30,20,18,9,26,23,28,23,18,23,27,18,24,11,27,23,18,23,19,22,18,17,29,19,22,19,20,20,32,18,18,13,12,26,32,21,25,22,30,18,18,26,29,17,23,24,17,24,15,18,18,21,20,26,18,32,32,18,26,22,18,28,24,32,23,28,26,23,17,17,32,19,29,26,20,24,29,27,21,23,18,17,20,23,24,17,17,29,21,20,19,32,18,18,29,19,20,20,18,21,27,17,26,15,24,20,18,26,13,29,11,21,18,23,29,26,18,29,12,14,23,23,27,32,25,24,18,18,20,21,26,27,22,18,13,11,24,15,24,29,29,24,32,18,18,24,32,24,24,23,22,27,29,17,20,32,18,21,26,9,24,25,21,18,16,18,11,23,24,9,23,24,24,32,18,23,19,27,26,20,21,27,27,22,18,26,17,20,24,24,13,23,17,24,21,26,19,19,27,27,24,26,18,29,21,18,24,11,24,22,18,21,26,19,20,18,22,27,12,19,20,28,20,24,13,19,24,22,22,26,24,18,20,24,18,21,23,21,30,32,24,18,24,21,29,11,26,18,19,18,26,28,21,19,29,18,13,17,21,18,19,29,22,26,26,27,23,17,18,30,11,20,26,20,20,27,29,18,18,18,27,17,18,18,24,25,19,19,18,18,27,25,19,28,23,18,21,26,18,27,21,23,17,25,13,21,18,26,9,21,19,27,21,17,22,23,11,13,19,15,18,32,29,23,21,19,19,18,17,22,27,19,18,19,17,32,18,23,18,17,24,12,19,21,17,20,20,20,28,18,21,24,24,29,23,18,32,23,18,24,25,12,18,26,26,19,23,20,18,26,19,13,15,21,24,17,13,22,11,32,12,19,22,24,24,20,19,17,18,23,30,21,27,13,19,19,11,19,27,23,27,27,18,31,21,26,23,32,21,28,24,18,24,12,24,28,18,20,14,19,27,17,23,18,30,23,29,25,17,27,24,22,18,23,24,18,21,23,11,11,24,24,18,19,18,28,21,27,18,27,13,13,25,22,18,11,26,32
RF-fs1,30,21,19,28,26,22,19,18,24,30,31,22,24,28,15,22,19,22,22,19,28,23,25,27,26,21,22,21,30,20,21,24,23,21,18,25,26,21,16,18,22,22,26,19,17,22,29,19,20,31,22,24,19,21,24,21,22,19,22,21,19,18,22,24,20,19,21,20,22,19,30,20,26,22,21,24,22,24,24,23,26,25,24,18,25,22,28,22,19,18,18,21,21,31,22,27,19,22,20,27,20,16,19,22,19,20,20,21,15,22,19,26,18,31,19,22,19,21,22,21,22,20,19,20,23,24,19,22,21,23,24,22,23,22,20,21,20,28,21,21,30,22,24,28,26,19,22,21,28,22,24,24,19,25,19,26,18,18,19,23,19,22,19,21,32,24,20,19,19,21,27,21,15,22,24,30,26,22,20,24,23,31,23,21,22,18,25,22,22,21,28,21,31,30,22,22,21,21,20,18,22,27,26,22,18,16,23,17,22,22,18,21,22,22,22,26,24,20,22,21,18,22,22,21,24,19,30,20,28,26,20,22,28,19,22,21,19,19,18,20,24,30,20,22,15,21,18,19,22,20,20,25,18,19,21,21,19,21,22,25,28,21,19,18,18,20,19,27,19,31,20,19,21,20,18,17,19,20,22,31,21,22,22,22,25,21,26,30,19,27,21,30,22,22,30,16,29,20,24,22,29,25,30,19,29,15,19,21,22,18,19,22,19,20,24,19,21,19,21,24,19,21,19,19,16,31,22,21,31,20,22,21,22,20,19,22,21,27,18,31,22,19,31,19,24,25,22,22,19,22,19,20,25,23,21,19,22,24,22,20,28,26,20,20,19,23,19,21,18,22,23,22,22,31,31,22,27,20,21,23,22,22,24,18,22,27,19,26,18,31,22,22,18,23,22,22,22,20,29,20,20,20,21,24,22,25,20,18,21,19,20,15,23,23,23,25,20,21,21,19,19,30,23,19,27,20,28,22,18,20,24,24,21,22,22,16,22,25,16,20,22,22,21,23,18,18,22,18,18,24,25,23,19,19,25,19,19,25,21,22,21,19,21,22,18,30,25,16,19,15,22,22,30,18,18,20,22,18,20,22,22,22,30,24,21,22,24,22,28,28,16,20,20,19,20,24,20,31,23,22,20,27,22,23,25,22,22,20,24,21,25,21,21,20,20,31,23,24,25,30,22,18,27,22,21,23,22,18,21,22,22,25,26,24,18,20,22,28,28,28,22,19,19,22,23,31,19,19,16,18,21,19,22,22,21,28,16,18,25,19,27,20,22,25,22,26,21,21,21,26,22,21,29,25,26,21,20,19,15,19,19,22,25,18,20,23,18,20,21,20,28,25,25,20,19,19,21,22,24,22,19,19,28,19,20,20,19,18,18,18,21,21,22,20,21,22,21,22,22,18,20,18,22,21,21,18,20,30,21,22,20,19,22,22,28,27,22,21,22,19,28,22,18,21,18,28,20,19,25,18,24,22,24,22,23,22,16,18,23,19,25,24,19,24,25,22,15,20,25,21,24,20,18,20,19,28,25,31,20,25,21,22,22,19,24,22,20,21,22,22,20,16,19,22,19,21,22,22,22,24,18,31,20,22,22,24,23,22,24,19,15,31,19,16,20,22,22,18,26,18,18,26,20,25,18,21,21,18,21,22,20,20,30,19,21,15,20,19,21,22,22,18,20,16,25,22,22,22,21,29,20,21,25,22,18,28,21,28,19,20,25,26,22,19,22,20,23,28,20,20,19,21,20,21,22,20,28,19,19,19,22,23,19,25,20,20,22,27,16,21,22,29,18,22,20,26,21,29,24,21,20,21,28,22,21,19,20,20,21,23,22,19,31,19,18,22,21,18,25,22,22,22,22,22,22,25,20,22,28,23,22,22,20,22,21,22,18,22,23,19,25,15,20,18,25,22,26,20,25,19,31,20,23,20,20,21,19,18,27,23,21,23,22,22,22,20,22,28,21,28,21,21,18,21,25,22,30,22,22,18,21,21,20,31,21,20,23,21,21,22,19,25,20,21,19,22,18,22,22,19,22,20,17,25,22,19,19,26,18,24,21,19,23,31,25,20,19,21,30,20,31,22,27,21,19,22,21,21,23,29,22,18,22,20,18,30,27,21,31,23,22,18,16,22,23,22,19,22,17,22,19,16,19,24,20,31,19,19,21,19,24,28,20,21,26,23,22,19,22,23,21,18,19,19,22,18,19,22,19,15,24,24,19,16,21,26,22,19,20,23,22,18,30,30,16,19,23,24,22,21
ET-fs1,28,24,22,27,27,23,22,20,26,28,30,23,25,27,20,23,21,23,23,22,27,25,26,26,27,23,23,22,29,23,22,25,25,23,20,27,27,22,21,20,23,23,27,23,20,24,28,22,22,30,23,25,21,23,25,22,23,20,25,23,22,20,24,25,22,22,22,22,23,22,29,22,27,23,22,25,23,25,25,24,27,26,25,21,26,23,27,23,20,20,21,22,23,30,23,28,21,25,22,28,22,20,21,23,23,23,22,24,20,24,21,27,21,30,20,23,21,23,24,23,24,21,22,22,24,25,21,23,23,25,25,25,25,24,22,22,22,27,22,23,29,23,25,27,27,21,23,22,27,23,25,25,21,26,23,27,20,20,21,24,22,23,23,23,30,25,22,22,22,22,28,22,20,23,25,29,27,24,25,25,25,30,24,22,23,21,26,23,23,23,27,22,30,29,24,23,22,23,23,20,23,26,27,24,20,20,25,21,23,23,21,22,24,23,23,27,25,21,24,22,20,23,23,22,27,21,29,21,27,27,23,23,27,21,23,22,22,22,20,23,25,29,22,23,20,22,20,21,23,24,21,26,21,20,22,23,23,23,23,26,27,23,21,21,22,21,21,28,22,30,22,22,23,24,21,20,21,23,24,30,22,25,24,24,26,24,27,29,22,28,22,29,23,23,29,20,27,22,26,23,27,26,29,22,27,20,21,23,23,20,21,23,22,21,26,22,22,21,23,27,21,22,21,22,20,30,23,23,29,23,23,23,24,25,21,23,22,28,21,30,23,22,30,22,26,26,23,23,22,24,23,23,27,25,23,21,23,26,24,21,27,27,25,21,21,25,21,23,20,23,25,23,23,30,30,23,28,22,24,25,23,23,26,20,23,28,21,27,21,30,24,24,21,25,24,23,23,23,28,23,22,22,22,26,24,26,22,20,23,20,21,20,25,24,25,26,22,22,22,21,21,29,25,22,28,23,27,23,21,23,25,25,23,23,23,21,25,26,21,22,24,23,23,24,21,21,23,21,21,25,27,25,20,22,26,21,21,26,22,24,24,22,22,24,21,29,26,21,21,20,23,23,29,20,21,22,23,20,23,23,23,23,28,25,22,23,25,23,27,27,20,22,22,21,23,25,21,30,25,23,21,26,24,24,26,24,23,23,25,24,26,22,22,21,22,30,25,25,26,29,23,21,28,23,23,25,23,20,22,24,24,26,27,25,21,23,23,27,27,27,23,22,22,23,25,30,22,21,21,20,23,20,23,23,23,27,21,20,26,21,28,21,24,26,23,27,24,22,22,27,23,22,28,26,27,23,24,22,20,20,22,23,26,21,23,25,20,23,22,23,27,26,26,22,22,22,22,23,25,23,22,21,27,22,23,24,21,21,22,20,22,22,24,22,23,23,23,23,23,21,22,20,23,22,22,20,21,29,22,23,22,22,23,24,27,28,23,22,23,22,27,23,21,22,20,27,21,22,26,21,25,23,25,23,26,24,21,21,25,21,26,25,21,25,26,23,20,23,26,23,27,22,21,22,21,27,26,29,23,26,23,23,23,21,25,24,22,23,25,23,22,20,21,23,23,22,25,24,23,25,21,30,21,23,23,26,25,23,25,21,20,30,21,20,22,23,23,20,27,21,21,27,22,26,22,24,23,21,22,23,23,23,29,21,24,20,22,22,22,23,23,21,21,21,26,23,23,23,23,28,23,24,26,23,21,27,22,27,21,23,27,28,23,23,23,22,25,27,22,23,21,23,21,22,23,22,27,22,21,22,23,25,21,26,23,22,23,28,20,22,23,27,22,23,22,27,23,27,26,22,22,22,27,23,23,23,23,22,24,25,25,22,30,22,21,23,23,21,26,24,23,24,24,24,23,26,21,23,27,24,24,23,22,24,22,23,20,24,25,22,26,20,22,20,26,23,27,22,26,22,30,22,25,23,22,22,21,20,28,25,22,25,23,24,24,21,23,27,22,27,22,23,21,22,26,23,29,25,23,20,22,22,23,30,22,22,25,22,22,23,22,26,22,23,22,23,20,23,23,21,23,23,20,26,24,22,22,27,20,25,22,22,25,29,26,23,22,22,29,21,30,24,28,22,21,23,23,23,24,28,23,20,23,22,22,29,28,22,30,24,23,20,21,23,25,23,22,23,20,24,22,21,22,26,23,30,22,22,23,22,25,27,23,22,27,24,23,21,23,24,22,21,21,21,23,20,21,23,22,20,25,25,21,20,22,27,23,22,22,24,23,21,29,29,20,21,26,26,23,23
ET-fs2,31,23,18,29,25,19,20,21,29,31,33,25,23,29,21,27,23,26,25,23,31,26,30,25,25,26,20,26,32,19,25,29,27,18,22,26,25,24,20,22,25,19,29,18,21,17,31,21,24,33,20,23,23,26,30,26,24,22,20,22,23,22,23,28,18,18,26,23,20,21,32,23,23,24,25,27,24,29,16,25,23,29,23,20,22,24,32,24,22,22,20,24,26,33,24,29,22,23,23,32,24,21,23,20,17,21,23,22,21,18,22,23,20,33,22,20,23,24,25,24,17,22,20,23,27,27,23,24,24,16,30,26,27,18,23,26,21,31,24,26,31,24,29,29,23,23,24,26,29,24,23,29,22,31,17,25,22,22,22,21,23,20,20,22,33,23,21,21,18,26,29,24,21,21,23,32,25,23,16,22,18,33,21,26,24,20,29,20,20,26,29,26,33,32,25,26,23,25,24,21,20,25,22,23,22,21,16,19,21,21,20,24,21,19,24,25,29,22,26,25,22,20,24,23,23,22,32,23,29,29,18,26,32,22,20,25,18,20,22,18,22,32,23,21,21,24,21,18,21,16,22,31,20,23,25,18,17,25,26,29,31,24,17,20,20,23,22,31,23,33,21,23,17,16,20,21,18,21,17,33,25,18,17,21,29,23,25,32,20,32,25,32,17,24,31,21,31,23,29,20,31,31,31,21,31,21,17,26,21,22,18,24,23,23,27,21,26,22,22,23,23,26,22,23,21,33,24,22,32,21,21,25,18,16,22,24,23,29,20,33,18,23,33,23,27,20,26,20,23,20,16,21,26,27,24,23,24,27,25,22,29,22,16,22,22,28,22,24,21,20,27,27,24,33,33,24,32,21,26,17,25,24,27,21,24,32,23,25,19,33,23,21,20,16,17,21,20,21,31,24,23,21,25,27,25,29,19,21,24,22,23,21,27,20,27,29,23,24,26,22,22,32,27,21,31,18,29,21,19,16,29,29,17,26,19,20,18,27,20,18,23,24,25,20,20,20,20,20,20,29,26,16,22,20,32,23,23,30,25,21,23,23,23,23,20,32,20,20,23,21,26,24,32,22,20,23,24,21,24,20,24,21,31,22,25,24,30,24,31,32,21,21,19,22,18,29,22,33,27,18,22,25,18,21,32,20,20,18,17,26,27,25,26,23,23,33,26,17,27,32,25,20,31,21,22,27,24,21,26,20,21,28,25,30,20,21,26,30,29,29,18,21,17,24,27,33,20,22,20,22,26,22,19,26,22,32,20,21,27,22,29,23,27,29,20,29,23,23,23,25,17,26,31,29,32,19,16,23,21,23,16,27,27,20,18,26,22,22,26,21,31,29,27,23,23,20,24,17,17,26,20,23,31,18,22,16,22,19,20,22,25,26,17,24,18,19,24,21,20,20,23,22,27,25,23,21,22,31,26,20,23,23,24,17,31,29,20,23,24,23,31,24,20,26,21,31,22,23,29,20,29,20,30,24,27,21,19,20,27,18,32,29,22,21,21,18,21,22,27,25,23,23,20,18,23,31,29,32,22,29,22,20,18,22,17,26,24,22,18,21,21,21,23,20,18,26,24,19,24,22,20,33,22,21,24,27,26,25,30,22,21,33,22,21,21,18,26,21,25,20,20,23,23,21,20,23,25,20,26,24,21,22,32,22,26,21,24,20,24,24,20,20,22,20,31,20,24,26,22,32,22,23,27,24,20,29,23,31,23,18,32,29,24,18,24,23,27,29,23,24,23,18,22,24,24,21,29,23,22,23,20,18,22,29,22,24,20,32,21,25,24,31,20,19,24,25,18,31,29,26,24,25,29,20,24,20,21,18,22,26,27,16,33,23,20,24,24,20,20,27,26,27,20,26,24,29,22,21,29,25,27,25,19,20,24,18,22,26,22,20,31,21,23,21,31,20,32,24,27,20,33,23,29,18,24,25,23,21,32,28,24,27,26,18,20,22,24,29,25,30,26,24,20,24,29,24,31,17,25,22,25,26,22,32,24,23,27,24,24,24,18,29,23,22,21,20,21,26,19,22,26,21,21,32,27,20,21,25,21,23,25,20,24,33,29,24,21,25,32,23,33,18,32,24,23,21,22,24,27,31,24,22,20,23,20,32,29,24,33,25,20,21,20,20,27,20,23,21,21,18,23,19,21,27,22,33,21,18,26,23,29,25,18,24,22,26,20,22,18,21,26,20,22,23,24,22,22,25,23,21,30,30,22,21,25,25,24,18,23,20,25,20,32,32,21,23,27,30,20,17
ANN-fs1,26,26,27,26,28,30,27,27,25,24,22,26,28,26,26,25,25,24,24,24,26,24,23,29,28,24,29,23,25,27,23,26,24,26,24,28,28,25,27,24,24,30,28,27,24,31,26,27,23,24,27,28,25,24,23,23,25,25,30,25,24,24,25,23,26,26,23,24,28,27,25,25,28,25,23,23,26,26,31,26,28,24,28,27,29,25,23,25,25,25,26,25,24,23,25,26,25,26,25,23,25,27,24,30,28,27,24,26,26,30,25,28,27,25,25,30,25,25,26,25,30,25,27,25,26,23,25,26,25,31,23,24,24,30,25,23,27,24,23,24,26,25,23,26,28,24,25,23,26,25,28,23,27,24,27,28,26,25,25,26,24,30,27,27,26,28,25,27,27,24,24,25,26,27,28,25,28,26,31,28,31,26,28,23,25,27,24,29,30,25,26,23,25,23,26,25,24,24,25,27,30,29,28,26,24,27,31,26,27,28,27,25,28,30,25,28,23,25,25,23,24,30,25,24,28,26,23,25,26,28,26,25,23,27,30,24,26,26,24,26,28,23,25,28,27,23,27,27,30,31,25,24,27,24,23,26,27,24,25,23,26,25,27,27,26,25,25,24,24,23,27,24,28,31,26,24,27,27,30,26,23,30,30,26,24,25,28,23,27,23,23,23,28,25,25,27,26,24,23,29,26,24,24,27,26,26,27,24,29,24,27,25,25,25,25,27,24,25,27,28,25,23,25,24,27,25,25,25,24,27,28,24,30,31,25,25,24,24,27,24,27,24,23,24,23,30,24,28,24,30,28,27,28,24,25,25,26,25,26,25,26,28,31,25,25,24,24,25,24,29,24,25,25,26,25,25,23,26,25,31,24,26,25,27,25,23,25,28,26,25,26,28,27,31,31,27,30,27,24,25,24,25,23,23,26,24,26,27,25,25,25,26,24,30,24,24,25,25,24,25,25,25,24,27,24,26,26,28,26,29,23,23,28,24,30,26,30,24,26,26,26,25,24,30,27,27,29,26,26,23,28,31,24,27,22,25,24,23,24,29,25,24,24,26,26,23,30,26,24,26,25,26,25,24,26,25,25,27,25,28,26,28,26,28,23,25,23,25,24,23,27,27,26,25,27,23,25,23,24,28,25,28,30,26,23,30,30,26,31,25,24,24,24,25,25,23,24,31,24,23,26,26,24,26,26,24,25,25,23,30,30,29,28,23,27,27,24,26,26,26,27,27,27,25,24,23,27,25,26,24,24,24,28,24,27,23,26,24,24,25,26,25,25,24,30,28,26,24,24,28,30,24,26,23,23,27,31,24,26,24,27,25,23,27,27,24,25,25,24,25,24,24,24,25,24,27,23,28,31,24,27,25,26,26,25,29,25,26,27,24,23,23,30,23,27,28,25,27,30,26,25,24,25,23,24,26,25,26,23,30,25,24,25,30,26,26,30,24,25,24,26,26,26,23,27,24,25,24,24,27,23,30,23,25,24,26,27,27,24,27,24,23,25,28,29,28,26,27,23,24,28,25,27,26,25,24,23,23,25,23,26,30,27,26,31,25,23,27,31,28,25,24,24,28,27,23,26,30,25,28,27,23,25,30,25,25,24,24,23,25,26,23,25,26,27,28,24,27,28,26,27,28,25,29,26,25,24,27,23,26,27,25,23,25,25,26,25,27,25,25,28,26,25,27,24,30,25,24,25,23,25,25,24,25,27,26,24,26,25,26,22,27,26,26,26,25,24,26,25,25,24,27,25,23,26,25,26,24,25,24,29,31,25,24,25,25,30,23,27,24,25,26,27,27,25,28,27,26,23,24,25,24,26,30,25,27,27,26,26,24,26,27,23,24,27,25,25,26,30,25,24,25,30,25,25,24,25,30,26,28,25,26,26,30,23,27,24,25,28,27,24,26,25,26,24,30,23,25,24,27,24,25,26,26,25,23,24,27,23,24,25,24,24,30,30,25,25,26,24,24,24,25,26,23,24,25,25,31,24,24,24,24,27,23,25,25,24,25,25,26,26,24,24,26,27,30,27,24,30,25,25,25,27,23,25,27,27,28,24,28,24,27,28,25,23,25,27,24,23,25,23,31,23,25,24,26,25,25,25,24,25,24,27,25,26,25,26,25,23,26,28,27,26,28,24,29,24,28,25,30,24,27,27,25,25,23,27,26,24,24,23,29,26,23,28,25,29,25,27,28,25,26,26,25,25,24,25,24,24,26,23,23,26,27,24,28,25,26,25,30,24,26,25,25,27,25,24,23,30,28
LASSO-fs1,20,25,29,20,21,26,30,31,22,21,21,24,22,20,32,26,30,27,27,30,20,27,24,20,21,27,24,29,21,28,27,22,26,28,32,22,20,29,31,32,27,26,21,28,32,26,20,30,34,20,26,22,30,27,26,29,26,31,24,26,33,32,26,26,30,30,29,30,26,30,21,29,21,26,31,26,25,22,26,22,20,23,22,30,20,27,21,26,31,32,30,29,27,21,26,21,29,24,28,22,28,31,31,24,27,28,33,25,32,26,28,22,30,21,31,24,30,27,23,26,26,28,30,30,22,26,30,25,26,26,26,28,26,26,29,28,28,21,32,27,20,26,26,20,20,31,26,28,20,26,22,26,30,22,28,20,30,31,31,25,30,26,28,28,20,22,28,28,29,27,20,29,32,28,22,21,21,25,27,23,26,20,22,27,26,30,23,26,24,27,20,30,21,21,23,27,29,27,26,30,26,20,21,25,32,31,26,30,28,25,30,29,25,26,27,21,26,28,27,28,32,24,26,29,22,30,21,29,20,20,29,27,21,30,24,27,30,30,32,27,23,21,29,25,31,31,31,30,24,27,28,23,30,33,30,28,28,27,24,24,20,26,30,30,30,28,30,21,30,21,28,31,26,27,30,32,30,28,26,20,28,26,26,25,22,26,20,21,30,22,28,21,26,26,21,31,20,32,25,26,20,22,21,28,20,32,29,27,24,32,30,26,30,29,23,28,27,30,28,22,30,28,31,30,31,21,27,28,21,28,27,27,26,27,29,27,30,20,30,20,26,33,21,34,25,22,27,26,30,23,27,28,21,26,27,30,25,22,23,28,20,20,27,28,31,26,32,27,32,26,26,26,27,20,21,26,22,28,27,26,27,25,22,30,27,22,31,20,30,21,25,23,30,26,26,28,24,28,21,28,32,28,28,25,23,23,29,31,26,32,28,32,26,22,26,23,30,27,27,31,31,21,26,30,21,29,20,27,30,27,26,26,27,27,26,30,26,23,31,29,25,26,27,22,30,30,26,30,30,26,21,26,32,30,24,30,31,24,27,23,26,34,31,25,30,21,22,30,33,31,27,25,21,32,30,29,26,30,26,26,25,27,20,23,27,27,26,26,21,21,31,28,30,30,28,26,28,20,26,26,28,20,26,25,24,23,26,28,26,27,23,29,27,29,29,21,27,26,23,21,24,30,21,25,25,26,26,32,30,23,23,21,21,26,30,28,27,20,20,20,26,29,29,26,26,21,30,30,30,32,27,32,26,27,28,21,31,32,23,29,20,29,26,23,24,20,25,32,29,21,26,27,20,24,22,28,27,32,32,33,28,24,24,30,28,27,32,28,27,28,21,22,23,29,33,30,34,26,26,27,30,30,20,30,28,27,31,30,30,32,30,28,26,33,26,27,27,28,24,30,29,32,26,30,30,32,28,21,28,25,30,34,27,26,20,20,24,31,26,33,20,25,30,28,31,21,28,33,23,30,26,24,26,26,25,25,30,30,26,30,23,26,31,22,20,26,32,28,24,27,22,29,30,30,30,21,24,21,28,24,25,24,26,30,26,27,34,28,26,25,28,32,32,26,28,28,23,26,26,23,30,21,28,24,26,22,27,27,26,31,32,21,30,32,28,26,27,32,21,30,30,21,29,20,30,26,27,30,27,25,28,28,21,30,27,32,28,30,27,27,26,30,28,31,23,24,26,27,26,22,28,26,23,26,30,20,29,20,31,28,23,21,25,29,25,28,26,20,28,26,31,28,28,30,25,28,20,30,31,31,25,26,29,22,28,29,25,22,31,27,27,20,30,26,28,21,26,20,25,27,29,27,20,25,26,28,28,29,25,27,24,29,21,34,30,26,26,30,22,26,27,26,23,27,27,22,28,24,20,22,26,24,29,23,32,26,32,27,24,30,22,31,30,32,23,24,22,28,23,30,20,29,22,29,28,27,31,32,22,26,28,26,27,26,23,30,26,20,29,20,27,26,30,29,22,26,20,26,27,32,27,27,28,21,27,30,26,29,29,25,30,22,30,25,29,24,32,27,26,31,24,28,31,24,23,30,30,21,32,22,27,30,22,21,24,26,30,27,21,30,21,26,21,27,34,25,26,26,22,21,26,32,26,30,30,21,20,27,21,22,24,32,31,24,26,26,30,27,32,26,30,30,30,22,28,21,29,30,27,34,26,20,28,32,21,22,26,30,26,22,28,30,29,30,26,32,29,27,33,32,26,26,30,32,27,21,27,30,29,22,27,30,21,21,32,30,25,25,24,27
EN-fs2,21,31,34,25,29,33,31,32,23,20,18,27,29,21,31,24,28,25,26,28,21,22,19,28,29,25,33,24,20,33,26,23,22,33,30,29,29,26,32,30,26,33,25,34,31,34,21,31,26,15,33,29,28,25,19,24,29,30,33,31,26,30,29,21,33,34,24,27,33,31,20,28,29,27,26,22,27,23,35,27,31,22,29,32,31,26,19,27,29,30,34,26,25,18,27,23,31,29,29,19,29,32,28,33,34,33,26,31,31,33,30,29,32,16,30,33,28,26,27,27,33,30,33,28,25,22,28,29,29,34,19,21,22,33,28,25,33,20,26,25,21,27,20,21,30,28,28,25,21,27,31,20,31,20,34,29,31,30,30,31,27,33,33,33,15,29,31,31,34,25,23,26,31,33,29,20,29,29,34,31,33,15,31,25,27,31,21,33,33,24,21,24,20,20,27,24,26,26,29,31,33,28,31,29,30,32,35,34,33,33,32,26,31,33,26,29,19,30,23,26,30,33,29,26,30,31,19,28,23,25,33,24,20,31,33,26,34,33,30,33,31,19,28,33,32,26,32,34,32,34,30,20,32,28,26,33,34,26,27,20,21,29,34,32,33,29,29,20,27,18,31,26,33,34,32,31,34,33,33,15,26,33,34,31,23,29,30,19,31,18,26,20,33,27,20,32,21,26,20,33,21,20,20,33,21,31,34,25,31,30,34,27,28,28,22,31,25,31,33,29,28,24,29,28,32,17,26,32,20,33,33,26,33,34,30,26,26,23,32,15,33,26,18,27,22,33,25,33,28,33,34,33,29,22,26,28,27,23,27,31,25,31,34,30,29,21,29,26,31,33,22,24,26,15,17,27,19,31,23,34,26,27,23,32,26,19,28,29,34,18,29,31,32,34,33,33,33,31,20,29,26,31,26,22,27,22,33,32,29,30,29,31,21,33,22,21,28,26,25,30,30,20,22,31,20,33,25,33,34,34,20,20,34,25,33,32,33,22,32,33,31,27,26,33,32,32,33,34,34,20,29,34,30,33,19,28,28,20,26,31,29,28,26,31,32,20,33,34,28,32,24,27,20,29,32,28,27,31,29,33,27,33,21,31,26,26,19,27,20,19,32,31,33,31,33,19,30,15,22,33,29,29,33,31,20,33,33,33,34,23,22,26,25,28,27,15,22,33,22,20,27,32,20,31,31,22,27,31,24,32,32,27,29,19,32,33,25,21,25,25,33,31,34,27,22,15,33,31,34,30,25,29,33,25,33,19,32,31,22,31,25,28,23,20,33,25,31,26,26,29,33,25,21,20,20,33,34,28,31,28,34,26,21,32,33,22,30,30,25,31,20,23,22,28,26,33,26,33,34,25,33,28,21,34,33,34,29,34,33,31,26,25,33,26,33,33,26,33,33,34,26,30,24,26,26,31,30,20,25,33,28,27,26,34,21,23,33,26,27,26,21,27,32,25,32,20,30,26,22,32,20,33,19,27,22,31,34,32,22,34,20,21,29,31,31,33,31,33,22,26,29,26,31,33,28,20,20,19,29,20,31,33,33,31,33,23,26,33,33,33,31,31,28,33,34,25,29,33,27,29,31,15,29,33,27,23,21,26,19,29,31,15,29,31,31,33,25,31,29,32,32,29,27,31,33,29,26,31,25,27,33,29,20,31,23,31,29,31,26,26,33,32,30,32,20,33,29,25,29,18,33,29,22,27,32,25,26,21,28,33,19,23,27,33,29,29,21,23,29,29,28,33,30,26,29,31,21,26,30,26,33,33,31,20,30,28,33,18,32,26,26,21,33,33,29,29,33,21,20,25,27,26,23,33,29,33,33,33,31,22,23,34,18,26,32,27,29,34,33,23,25,23,33,23,26,23,30,33,25,29,23,27,33,33,26,33,30,23,31,31,20,32,28,31,20,33,20,29,21,31,15,28,24,33,29,26,28,31,18,21,26,22,25,33,33,28,29,23,26,21,25,29,34,26,23,27,21,33,26,30,26,25,33,20,26,28,22,26,26,27,34,21,26,31,31,33,31,25,33,29,27,30,32,19,26,33,31,29,31,29,26,31,29,20,20,29,31,26,20,28,17,33,20,26,28,31,31,27,26,20,27,30,33,28,33,20,25,26,18,29,33,31,32,33,22,33,28,33,31,33,27,34,31,23,31,20,31,34,25,27,21,26,33,26,31,27,33,29,33,31,23,34,31,28,27,30,31,26,28,31,19,19,31,31,26,29,26,34,28,33,26,32,20,20,31,28,22,19,33,34
ET-fs4,35,28,25,34,31,25,24,23,33,35,38,32,31,35,23,33,26,30,31,26,35,33,35,33,31,29,26,31,39,25,29,33,33,25,25,31,31,27,23,25,31,25,33,25,25,25,35,24,27,38,25,31,26,31,35,31,28,26,26,28,27,26,28,34,25,25,31,26,25,25,36,26,31,29,27,33,31,33,22,33,30,34,31,24,30,28,38,30,26,26,24,27,31,38,28,34,26,31,26,38,26,23,26,26,25,25,27,28,23,25,26,31,24,39,26,28,26,28,31,28,25,26,24,26,33,33,26,31,27,24,35,31,33,25,26,31,24,35,27,31,35,30,34,35,31,26,27,31,35,28,30,34,25,34,25,31,25,26,26,30,26,25,25,26,39,31,26,25,25,31,34,27,23,25,31,37,31,31,24,30,24,39,30,30,28,24,34,25,28,31,35,29,39,38,32,33,27,28,27,25,25,33,30,31,25,23,22,23,25,27,24,27,30,25,28,33,34,26,33,27,26,27,27,27,31,25,38,26,34,33,25,33,36,25,28,28,25,25,25,25,30,38,26,27,23,27,24,25,29,25,26,34,24,26,27,25,25,29,32,34,35,27,25,24,24,26,26,34,26,38,25,27,25,25,24,25,25,25,25,39,27,24,25,28,33,28,31,38,24,38,27,35,25,28,35,23,35,27,34,25,35,34,35,25,35,24,25,29,30,26,25,28,26,26,33,24,31,26,26,31,26,31,26,26,23,39,28,27,39,26,26,28,25,24,26,28,27,34,24,38,25,27,38,26,33,28,32,25,26,28,25,25,33,33,28,26,31,33,31,26,33,30,24,26,26,33,26,28,25,25,33,33,28,38,39,28,38,25,31,24,28,31,34,24,28,36,26,31,24,39,28,30,24,24,25,25,26,25,35,26,27,26,27,33,32,35,25,23,28,26,26,23,33,28,33,34,26,28,29,26,26,39,33,24,35,25,33,26,24,25,34,34,25,32,25,23,24,33,23,25,30,30,28,28,24,23,25,24,24,34,31,24,26,25,35,26,26,35,29,30,27,26,27,30,24,35,28,23,26,23,33,31,36,26,24,26,29,25,27,25,31,26,35,30,28,28,34,28,35,38,23,25,25,26,25,34,26,38,33,25,26,33,25,30,35,29,25,25,22,31,34,27,31,26,26,38,31,23,33,36,31,24,35,28,28,33,28,24,29,29,29,33,31,34,23,25,31,35,33,35,25,25,25,28,33,38,24,26,23,26,31,26,25,33,26,38,23,25,34,26,33,26,33,34,28,33,28,27,27,31,25,31,35,34,35,25,25,26,23,26,25,32,34,23,25,33,26,26,31,26,34,34,33,26,27,24,27,25,23,30,25,26,35,25,27,25,26,24,24,25,27,30,25,27,25,25,28,26,28,24,27,25,33,27,27,25,26,35,31,26,26,26,28,25,35,35,26,27,28,27,35,31,23,31,23,34,26,27,34,24,34,26,35,31,33,30,23,24,33,25,35,34,26,30,30,25,23,26,34,28,31,27,24,25,26,35,34,38,26,34,28,26,25,25,23,33,27,26,24,27,26,25,26,25,25,30,31,25,30,31,24,38,26,29,28,34,33,28,35,26,23,38,26,23,25,25,33,24,31,24,24,31,26,30,24,28,28,24,31,31,26,26,39,26,31,23,26,24,28,28,25,24,26,23,34,26,27,32,28,38,27,28,33,28,24,35,27,35,26,25,35,33,31,25,31,26,33,35,26,27,26,25,26,27,31,26,35,27,26,27,26,24,26,35,26,26,26,38,23,28,28,35,24,25,26,31,25,35,34,29,26,28,35,26,27,25,25,25,28,33,32,25,38,27,24,28,27,24,28,33,31,33,29,31,28,34,26,29,35,31,33,31,25,29,27,25,26,33,30,24,35,23,26,24,34,29,35,26,34,24,38,26,33,25,26,28,26,24,38,33,27,33,31,25,28,26,27,35,27,35,31,27,24,27,33,28,35,24,29,26,28,31,26,39,28,26,33,27,27,31,25,35,27,28,25,26,24,31,25,26,32,26,23,35,32,24,24,31,25,31,28,24,31,39,34,27,25,29,35,26,38,25,36,28,26,30,28,28,33,35,30,25,25,26,25,39,33,28,38,31,26,24,23,26,33,25,26,25,24,25,26,23,25,33,26,39,25,25,30,26,34,33,25,27,30,33,25,26,25,30,31,24,25,26,30,26,26,28,26,24,35,35,25,23,28,31,30,25,26,29,31,24,36,36,23,26,33,35,27,25
ET-fs3,34,27,24,32,30,24,25,24,32,34,39,31,30,34,25,34,27,33,33,27,34,34,37,32,30,31,25,32,35,24,31,32,34,24,27,30,30,28,24,27,32,24,32,24,26,23,34,25,28,39,24,30,27,32,37,32,27,27,23,27,28,27,27,35,24,24,32,28,24,26,35,27,30,28,30,35,30,32,20,32,29,35,30,25,28,29,39,31,27,27,25,28,32,39,29,33,27,30,27,39,27,24,27,25,24,24,28,27,24,23,27,30,25,38,27,25,27,29,30,29,23,27,25,27,32,34,27,30,28,21,37,32,34,23,27,32,25,34,28,32,34,31,35,34,29,27,29,32,34,29,29,36,26,35,24,30,27,27,27,29,28,24,24,25,38,30,27,26,24,32,33,28,24,24,30,35,30,30,22,29,21,38,29,32,29,25,35,24,25,32,34,32,38,39,31,34,28,29,28,26,24,32,29,30,27,24,20,24,24,26,25,28,29,24,29,32,35,27,34,29,27,25,28,28,29,27,39,27,32,32,24,34,37,26,25,29,24,24,27,24,29,39,27,26,24,30,26,24,28,23,27,35,25,27,29,24,24,30,31,35,34,28,24,25,25,27,27,35,28,39,26,28,24,23,25,26,24,24,23,38,30,23,23,27,32,27,29,39,25,39,29,36,24,29,34,24,34,28,35,24,34,35,34,24,34,25,24,31,28,27,24,29,27,27,34,25,32,27,25,30,27,32,27,27,24,38,29,26,38,25,25,29,23,23,27,29,28,33,25,39,24,28,39,28,34,27,33,24,27,27,24,24,32,34,29,27,30,34,30,27,32,29,21,27,27,35,27,29,27,24,34,34,29,39,38,29,39,27,32,21,29,30,33,26,29,37,27,30,25,38,27,29,25,21,23,24,25,26,34,27,28,27,29,34,31,34,24,24,27,27,27,25,34,27,34,35,27,29,32,27,27,37,34,26,34,24,32,24,25,24,36,35,24,33,24,24,23,34,24,24,29,31,30,27,25,25,24,25,25,35,30,21,27,24,37,27,27,37,30,28,28,27,28,29,25,36,27,24,27,24,34,30,35,27,25,27,28,26,28,24,30,25,34,29,30,29,37,29,34,39,24,26,24,27,24,37,27,39,34,24,27,30,23,29,37,28,24,24,21,32,35,28,32,27,28,39,34,21,34,37,30,25,34,27,27,34,29,26,31,28,28,32,30,37,24,26,34,34,32,34,24,26,24,29,34,39,25,27,24,27,32,27,24,34,25,39,24,26,35,27,32,27,34,35,27,32,27,28,28,30,24,32,34,36,37,24,23,27,24,27,24,33,35,25,24,34,27,27,32,27,35,33,34,27,28,25,28,24,21,32,24,27,34,24,26,23,27,25,25,27,29,31,23,28,24,24,29,25,25,25,28,27,34,31,28,27,27,34,32,24,27,28,29,23,34,33,25,28,31,28,34,30,25,32,24,35,27,28,33,25,35,25,37,30,34,29,24,25,34,24,36,35,27,29,28,24,24,25,35,30,30,28,25,24,27,34,35,39,27,35,27,25,24,27,21,34,28,25,23,26,27,26,27,24,24,32,30,23,31,30,25,39,27,28,29,33,34,29,37,27,25,39,27,25,26,24,34,25,30,25,25,30,28,28,25,27,29,25,32,30,25,27,38,27,32,25,27,25,29,29,24,25,27,24,35,25,28,33,27,39,26,27,34,29,25,33,28,34,27,24,37,32,30,24,30,27,34,33,27,28,27,24,27,28,30,27,34,28,27,28,24,21,27,34,27,27,24,39,24,29,29,34,25,24,27,30,24,34,35,31,28,29,34,24,28,24,24,24,27,34,33,24,39,28,25,29,28,25,27,34,34,34,28,34,29,32,27,28,33,30,34,30,24,28,28,24,27,34,29,25,34,24,27,27,35,28,36,27,35,25,39,27,32,24,27,30,27,26,39,35,29,35,32,23,27,27,28,34,28,34,32,28,25,28,32,29,34,23,30,27,30,32,25,38,29,27,34,28,28,30,24,34,28,27,26,25,26,32,24,27,31,27,24,37,33,25,25,30,26,30,29,25,30,38,35,28,26,30,36,27,39,23,37,29,27,29,27,29,32,34,31,27,24,27,24,38,32,29,39,30,25,25,24,25,34,24,27,24,26,23,28,24,26,32,27,38,26,24,32,28,35,32,24,28,29,32,24,27,24,29,32,25,27,27,31,27,27,29,27,25,37,37,27,25,29,30,31,24,27,28,32,25,35,35,24,27,34,37,25,24
EN-fs4,23,29,31,23,23,27,33,35,27,25,26,28,26,24,38,28,36,31,28,37,24,31,31,23,23,34,27,38,22,31,38,27,31,31,39,23,23,36,36,39,28,27,23,31,39,28,22,32,40,25,29,26,36,34,31,37,30,36,27,29,39,39,30,31,31,31,38,36,29,33,22,33,24,30,38,30,28,27,27,28,24,27,26,33,23,30,29,28,37,37,32,36,34,26,30,24,34,27,31,30,33,36,38,27,30,31,39,29,38,27,34,24,33,23,35,26,36,32,28,31,28,33,31,36,28,30,36,27,30,28,31,34,31,27,36,37,31,25,39,34,22,28,31,22,24,38,30,36,24,30,26,31,34,29,31,23,35,36,36,27,39,27,31,29,23,26,32,32,31,34,25,33,38,31,26,22,23,27,28,26,27,23,26,36,30,33,27,27,26,33,24,38,22,25,28,30,38,34,31,35,27,23,24,27,39,37,27,32,29,29,34,36,26,27,31,23,31,34,31,37,38,28,30,36,25,34,26,33,24,23,31,31,29,34,26,35,31,31,39,31,26,27,36,29,37,38,36,31,26,28,32,28,33,39,38,31,31,34,28,31,24,30,31,33,31,33,35,25,38,25,32,39,30,29,33,39,31,31,28,23,37,27,28,29,27,30,23,26,33,30,37,25,29,30,22,36,22,39,31,27,22,27,25,31,22,38,31,34,26,37,31,31,36,36,28,32,34,35,29,25,36,37,36,36,36,23,31,29,22,31,29,34,27,28,34,31,38,25,33,25,30,39,28,39,28,23,29,29,38,25,30,31,23,31,32,36,28,28,28,32,23,24,28,34,36,31,38,32,38,27,31,28,30,24,22,30,30,32,33,27,31,28,28,34,31,29,36,23,32,23,30,26,34,27,27,30,27,32,25,31,39,32,36,30,28,27,31,36,30,37,33,38,31,25,30,27,36,34,35,35,35,23,31,33,25,31,23,29,31,30,31,31,31,29,27,33,27,28,36,31,27,28,34,25,33,34,27,32,31,31,23,28,37,31,30,36,36,31,34,26,30,39,38,27,33,26,23,32,39,36,31,28,22,39,33,36,30,35,31,29,28,29,22,26,36,31,31,30,25,29,36,32,31,35,31,31,32,25,31,31,34,23,27,27,29,25,27,31,27,34,28,36,34,36,36,26,32,27,28,27,28,33,25,29,29,29,30,38,38,25,26,23,23,31,33,31,32,22,23,21,30,32,31,30,30,26,31,34,32,39,34,37,31,31,31,29,35,39,28,34,23,36,30,30,25,23,29,38,38,23,28,34,22,31,29,31,28,39,38,39,31,28,30,34,31,31,37,32,34,32,25,27,28,36,39,31,40,29,27,33,31,36,24,31,31,30,36,32,31,39,38,38,28,40,31,31,32,29,26,32,36,39,30,38,38,37,32,23,36,27,36,39,31,28,24,24,27,38,29,40,23,28,33,37,36,25,33,39,27,33,31,27,31,28,28,27,32,33,30,31,29,31,36,26,23,29,38,31,30,34,25,36,33,31,36,25,31,26,31,30,29,27,30,34,27,31,40,30,27,29,32,39,39,29,31,38,27,27,28,26,33,26,32,26,30,28,31,31,31,36,38,26,36,37,32,30,30,37,23,33,33,24,36,23,31,30,34,33,36,28,31,32,24,34,33,38,32,33,34,30,29,33,32,36,27,27,30,28,30,30,30,30,28,30,33,23,36,24,36,31,29,24,28,31,27,31,31,24,32,31,37,31,33,38,27,32,24,38,35,38,27,27,34,27,32,33,27,30,36,34,31,22,31,29,33,23,31,22,31,35,33,35,21,27,30,31,31,31,29,31,28,31,25,39,34,30,31,32,23,30,32,31,25,32,30,27,33,26,22,26,30,28,31,26,39,30,37,31,26,32,27,36,36,37,29,26,29,33,30,32,25,36,27,31,33,38,37,37,30,31,35,31,33,27,25,34,30,21,36,25,34,30,32,38,27,30,22,27,31,38,36,34,31,25,34,36,31,36,35,28,31,27,38,29,32,27,37,33,27,36,28,32,36,30,28,31,32,23,39,26,36,33,26,22,30,31,33,35,26,36,27,27,29,34,39,27,29,31,28,25,28,39,28,36,31,23,23,34,27,27,29,37,36,29,30,27,38,29,39,27,38,32,33,28,32,25,32,31,34,39,31,22,31,39,24,28,27,35,31,26,34,32,33,36,28,38,34,32,39,38,31,31,33,37,34,23,28,31,36,25,28,33,23,23,37,36,28,31,28,30
LASSO-fs4,23,29,31,23,23,27,33,35,27,25,26,28,26,24,38,28,36,31,28,37,24,31,31,23,23,34,27,38,22,31,38,27,31,31,39,23,23,36,36,39,28,27,23,31,39,28,22,32,40,25,29,26,36,34,31,37,30,36,27,29,39,39,30,31,31,31,38,36,29,33,22,33,24,30,38,30,28,27,27,28,24,27,26,33,23,30,29,28,37,37,32,36,34,26,30,24,34,27,31,30,33,36,38,27,30,31,39,29,38,27,34,24,33,23,35,26,36,32,28,31,28,33,31,36,28,30,36,27,30,28,31,34,31,27,36,37,31,25,39,34,22,28,31,22,24,38,30,36,24,30,26,31,34,29,31,23,35,36,36,27,39,27,31,29,23,26,32,32,31,34,25,33,38,31,26,22,23,27,28,26,27,23,26,36,30,33,27,27,26,33,24,38,22,25,28,30,38,34,31,35,27,23,24,27,39,37,27,32,29,29,34,36,26,27,31,23,31,34,31,37,38,28,30,36,25,34,26,33,24,23,31,31,29,34,26,35,31,31,39,31,26,27,36,29,37,38,36,31,26,28,32,28,33,39,38,31,31,34,28,31,24,30,31,33,31,33,35,25,38,25,32,39,30,29,33,39,31,31,28,23,37,27,28,29,27,30,23,26,33,30,37,25,29,30,22,36,22,39,31,27,22,27,25,31,22,38,31,34,26,37,31,31,36,36,28,32,34,35,29,25,36,37,36,36,36,23,31,29,22,31,29,34,27,28,34,31,38,25,33,25,30,39,28,39,28,23,29,29,38,25,30,31,23,31,32,36,28,28,28,32,23,24,28,34,36,31,38,32,38,27,31,28,30,24,22,30,30,32,33,27,31,28,28,34,31,29,36,23,32,23,30,26,34,27,27,30,27,32,25,31,39,32,36,30,28,27,31,36,30,37,33,38,31,25,30,27,36,34,35,35,35,23,31,33,25,31,23,29,31,30,31,31,31,29,27,33,27,28,36,31,27,28,34,25,33,34,27,32,31,31,23,28,37,31,30,36,36,31,34,26,30,39,38,27,33,26,23,32,39,36,31,28,22,39,33,36,30,35,31,29,28,29,22,26,36,31,31,30,25,29,36,32,31,35,31,31,32,25,31,31,34,23,27,27,29,25,27,31,27,34,28,36,34,36,36,26,32,27,28,27,28,33,25,29,29,29,30,38,38,25,26,23,23,31,33,31,32,22,23,21,30,32,31,30,30,26,31,34,32,39,34,37,31,31,31,29,35,39,28,34,23,36,30,30,25,23,29,38,38,23,28,34,22,31,29,31,28,39,38,39,31,28,30,34,31,31,37,32,34,32,25,27,28,36,39,31,40,29,27,33,31,36,24,31,31,30,36,32,31,39,38,38,28,40,31,31,32,29,26,32,36,39,30,38,38,37,32,23,36,27,36,39,31,28,24,24,27,38,29,40,23,28,33,37,36,25,33,39,27,33,31,27,31,28,28,27,32,33,30,31,29,31,36,26,23,29,38,31,30,34,25,36,33,31,36,25,31,26,31,30,29,27,30,34,27,31,40,30,27,29,32,39,39,29,31,38,27,27,28,26,33,26,32,26,30,28,31,31,31,36,38,26,36,37,32,30,30,37,23,33,33,24,36,23,31,30,34,33,36,28,31,32,24,34,33,38,32,33,34,30,29,33,32,36,27,27,30,28,30,30,30,30,28,30,33,23,36,24,36,31,29,24,28,31,27,31,31,24,32,31,37,31,33,38,27,32,24,38,35,38,27,27,34,27,32,33,27,30,36,34,31,22,31,29,33,23,31,22,31,35,33,35,21,27,30,31,31,31,29,31,28,31,25,39,34,30,31,32,23,30,32,31,25,32,30,27,33,26,22,26,30,28,31,26,39,30,37,31,26,32,27,36,36,37,29,26,29,33,30,32,25,36,27,31,33,38,37,37,30,31,35,31,33,27,25,34,30,21,36,25,34,30,32,38,27,30,22,27,31,38,36,34,31,25,34,36,31,36,35,28,31,27,38,29,32,27,37,33,27,36,28,32,36,30,28,31,32,23,39,26,36,33,26,22,30,31,33,35,26,36,27,27,29,34,39,27,29,31,28,25,28,39,28,36,31,23,23,34,27,27,29,37,36,29,30,27,38,29,39,27,38,32,33,28,32,25,32,31,34,39,31,22,31,39,24,28,27,35,31,26,34,32,33,36,28,38,34,32,39,38,31,31,33,37,34,23,28,31,36,25,28,33,23,23,37,36,28,31,28,30
ANN-fs4,36,32,28,36,34,31,29,29,36,36,37,34,32,36,28,35,29,35,35,29,36,35,36,35,34,33,32,33,38,30,33,36,35,30,28,34,34,30,29,28,35,31,36,30,28,30,36,28,31,37,32,33,29,33,36,33,32,28,32,32,29,28,32,36,29,29,33,29,32,28,37,30,34,32,33,36,34,36,30,34,32,36,32,29,32,33,35,34,28,28,29,30,33,37,33,36,28,32,30,37,30,29,29,32,29,30,29,32,29,31,29,34,29,37,28,32,29,30,34,30,31,29,29,29,35,36,29,33,32,30,36,33,35,31,30,33,29,36,31,33,36,34,36,36,32,29,32,33,36,33,32,35,28,36,29,34,28,28,28,32,29,32,30,31,37,33,29,29,30,33,36,30,28,30,34,36,34,32,30,32,30,37,32,33,32,28,36,32,32,35,36,33,37,37,34,35,30,32,30,28,32,35,32,33,28,29,30,29,32,31,28,30,32,32,34,34,36,29,35,32,28,31,32,30,32,28,37,30,36,36,30,35,35,28,32,33,29,29,28,30,32,36,30,31,29,32,28,28,31,30,29,36,29,29,32,30,29,33,34,36,36,32,28,29,29,30,28,36,29,37,29,29,29,28,29,28,28,29,31,37,33,31,31,32,36,32,33,37,29,37,32,37,31,33,36,29,36,29,36,32,36,36,36,30,36,28,28,33,32,28,28,30,29,30,36,30,33,28,31,34,29,33,28,29,29,37,33,31,37,29,31,32,31,30,28,34,29,36,29,37,32,29,37,29,36,32,35,32,29,32,29,29,34,36,30,29,34,36,34,29,36,32,30,29,28,36,28,30,28,32,36,35,34,37,37,32,37,29,35,30,34,34,36,28,33,35,29,34,29,37,32,32,29,30,30,32,32,29,36,30,29,29,32,36,34,36,30,29,32,28,30,28,35,32,36,36,29,31,33,28,28,36,36,28,36,30,36,31,29,28,35,36,29,35,31,29,31,36,29,30,32,34,33,32,29,29,32,29,29,36,34,30,28,29,36,29,29,36,33,32,32,29,29,32,29,37,32,29,29,29,35,32,37,28,29,30,32,28,30,32,34,31,36,32,33,33,36,32,36,37,29,29,29,28,30,36,29,37,35,30,30,34,31,32,36,31,32,30,30,33,36,31,33,30,30,37,35,30,36,35,34,29,36,32,32,36,34,28,33,31,31,35,34,36,29,29,35,36,36,36,32,28,28,32,36,37,29,28,29,28,33,28,30,35,29,37,29,28,36,28,36,30,35,36,32,36,32,29,30,34,31,33,36,37,36,30,30,29,29,29,29,35,36,29,30,35,28,29,33,29,36,36,36,30,29,29,31,31,30,35,29,29,36,29,29,28,28,29,29,28,33,33,31,29,30,30,30,31,32,29,30,28,35,33,29,28,29,36,33,32,29,29,33,31,36,36,32,29,33,29,36,32,29,33,29,36,29,29,36,29,36,32,36,32,36,32,28,29,35,28,37,36,28,32,32,31,29,29,36,33,33,30,29,29,29,36,37,37,30,36,32,32,32,28,30,35,31,29,30,31,29,28,29,32,30,33,34,31,34,32,29,37,30,31,32,36,35,34,36,28,28,37,28,28,29,29,35,28,34,29,29,34,30,32,29,32,32,29,33,34,29,30,37,28,35,28,30,28,31,33,32,29,29,29,36,32,32,35,32,37,29,32,36,32,29,36,30,36,29,30,36,36,33,30,34,30,35,36,30,30,29,30,29,31,33,29,36,29,28,29,32,30,28,36,29,30,32,37,29,33,33,36,29,32,30,34,30,36,36,33,30,33,36,32,32,30,30,30,32,35,35,28,37,29,28,33,30,29,32,35,35,35,31,35,34,36,29,31,36,34,35,34,30,31,29,32,28,35,32,29,36,29,29,28,36,31,37,30,36,29,37,30,35,30,30,33,29,28,37,36,31,36,35,31,32,29,32,36,31,36,33,32,29,31,36,33,36,30,35,28,33,33,29,37,31,29,36,30,30,34,29,36,29,32,28,32,28,35,31,28,35,29,29,36,35,29,28,34,28,33,33,29,34,37,36,30,28,33,37,29,37,30,35,31,29,32,32,30,35,36,34,28,32,29,29,37,36,31,37,34,32,28,29,32,36,32,29,32,28,31,29,29,28,36,29,37,28,29,33,29,36,35,30,31,32,35,32,28,30,32,33,29,28,29,34,28,28,34,29,28,36,36,28,28,31,34,34,29,30,31,35,29,37,37,29,29,36,36,31,29
RIDGE-fs2,29,34,35,31,32,34,35,33,31,29,25,30,33,31,33,30,32,28,30,32,30,28,28,31,32,28,34,27,28,35,28,30,28,35,33,32,32,31,33,33,30,35,31,35,33,36,30,35,29,23,34,32,32,28,27,27,33,33,35,34,30,33,33,27,35,35,27,31,34,35,28,32,32,33,28,28,32,30,36,30,33,31,33,35,34,32,26,32,33,33,35,31,28,25,32,31,33,33,34,26,32,33,33,34,35,35,30,34,34,36,33,32,35,26,33,34,33,31,32,33,36,32,35,31,30,28,32,32,33,36,28,27,28,35,31,27,35,30,29,28,28,32,27,31,33,33,33,27,31,32,33,27,33,28,35,32,33,33,33,34,31,34,35,34,25,32,34,35,35,28,31,31,33,34,32,28,32,33,36,33,36,25,34,28,33,35,31,34,34,28,31,27,27,27,30,28,31,30,33,33,34,31,34,32,33,33,36,35,34,34,33,31,34,34,30,31,27,32,28,30,33,34,33,31,33,33,25,32,31,31,35,28,26,33,34,30,35,35,33,35,33,26,32,34,33,28,33,35,34,36,34,30,35,32,28,35,35,28,30,28,30,34,35,35,35,32,33,30,31,27,35,30,35,36,35,33,35,34,36,25,29,36,36,34,31,33,32,25,35,26,30,28,35,32,28,33,30,30,28,34,30,30,28,35,30,33,35,28,34,33,35,33,32,32,30,35,28,33,34,32,33,27,33,32,33,26,30,34,27,34,34,30,35,36,32,30,31,31,35,23,34,30,25,31,30,34,28,34,32,34,35,35,30,28,31,33,32,30,32,34,31,34,36,32,33,27,33,31,33,34,28,30,32,23,26,33,26,34,28,36,30,32,30,33,30,26,33,32,35,27,33,34,33,36,36,34,34,34,30,34,30,34,30,28,30,31,35,33,33,33,32,33,28,34,28,31,32,30,28,33,33,28,28,35,30,35,31,34,35,36,27,27,35,28,35,35,35,31,33,35,33,32,29,34,35,33,34,35,35,27,32,36,33,35,28,32,33,28,28,34,34,32,30,33,35,28,34,35,32,34,28,33,28,33,35,32,33,33,34,34,32,34,29,33,29,30,28,33,30,26,33,35,35,33,35,27,34,24,28,35,32,32,35,34,28,34,34,35,36,28,31,30,28,32,31,24,28,36,30,26,32,35,30,34,34,28,32,33,27,34,34,31,32,27,35,34,28,31,31,31,35,35,35,33,28,24,35,33,35,33,28,33,34,28,34,25,33,33,31,33,31,32,28,28,34,31,34,30,31,32,35,28,30,28,28,35,36,33,34,32,35,30,29,33,35,28,33,34,28,34,30,31,30,31,31,35,29,35,36,28,35,32,30,35,34,36,33,35,35,33,28,27,36,30,35,34,31,34,34,35,31,33,28,28,31,33,34,28,27,34,32,31,30,36,30,31,34,30,32,30,30,33,35,27,33,30,32,31,31,35,28,34,27,33,30,34,35,35,28,35,28,27,33,34,34,35,33,34,28,29,32,31,35,35,32,30,28,25,34,28,34,34,35,33,36,28,29,34,36,34,34,33,33,34,35,27,32,35,32,33,35,24,34,34,33,30,28,30,27,33,33,24,33,33,34,35,28,33,32,35,35,32,31,34,35,34,30,35,28,32,34,34,27,33,28,33,34,35,30,32,34,35,34,33,30,34,33,30,34,25,34,34,30,33,35,31,31,30,33,35,28,31,32,35,32,34,28,31,34,33,33,35,32,29,32,34,31,31,33,30,34,35,33,31,34,31,34,26,33,30,30,30,35,34,31,32,35,30,28,28,31,30,31,34,34,35,35,35,34,28,30,35,27,31,33,32,33,35,34,28,28,28,34,28,32,31,32,34,31,32,28,32,35,34,30,35,33,28,33,35,30,34,32,33,28,34,28,32,29,35,23,32,30,35,32,29,33,33,26,27,30,28,28,35,34,32,33,31,30,31,28,33,35,30,31,32,28,36,28,33,29,28,34,27,30,32,28,31,31,32,35,31,31,34,35,34,33,28,34,33,30,34,33,28,30,35,35,32,33,32,30,35,32,27,28,33,35,28,28,32,25,36,26,30,32,34,34,33,30,30,32,33,34,31,35,27,31,30,25,32,34,33,34,34,28,34,31,34,33,36,31,35,35,30,34,27,35,35,28,31,27,31,35,29,33,30,34,33,35,34,27,35,35,32,32,33,33,30,32,33,27,27,35,33,30,32,32,35,31,34,30,35,28,28,33,32,30,28,34,35
EN-fs1,27,35,37,30,33,37,37,38,30,27,23,33,34,30,36,31,35,29,32,35,29,29,27,30,33,30,36,30,26,37,32,31,29,37,35,33,33,33,38,35,33,37,30,37,36,37,27,36,33,22,37,34,35,29,28,30,35,35,36,35,34,35,35,29,37,37,30,35,37,37,26,35,33,34,32,29,33,31,37,31,34,30,34,38,35,34,25,33,35,35,39,33,29,22,34,30,37,34,35,24,35,38,35,35,37,36,34,35,36,37,37,33,38,22,37,36,35,34,33,34,37,37,36,35,31,29,35,34,35,37,27,29,29,37,35,30,36,29,33,29,27,33,28,30,34,35,35,30,30,34,34,28,37,27,37,33,37,35,35,35,35,36,36,35,22,34,36,36,37,29,30,35,36,36,33,26,33,34,37,34,37,22,35,31,34,37,30,36,36,29,30,31,24,24,33,29,33,31,35,37,36,30,35,34,35,36,37,39,36,35,37,33,35,37,33,30,28,37,29,33,35,35,35,33,34,37,24,37,30,30,37,29,25,37,36,32,37,37,35,37,35,24,34,35,36,33,38,38,35,37,36,27,38,35,33,37,37,31,33,27,29,35,38,37,37,37,37,29,35,22,36,35,37,37,39,36,38,36,37,22,32,37,37,35,30,35,34,24,37,24,33,27,37,34,27,38,28,34,27,37,28,29,27,36,28,36,37,30,35,35,37,35,35,35,31,36,29,37,35,33,35,30,35,35,38,22,34,35,25,36,35,31,37,37,37,33,34,30,38,22,37,35,24,35,31,36,31,37,35,36,37,36,31,29,34,35,33,31,33,36,30,35,37,37,35,29,35,34,36,36,29,31,33,22,24,34,24,36,29,37,33,33,31,38,34,25,35,33,39,22,35,35,38,37,37,36,36,36,27,35,34,36,33,29,33,30,37,38,35,35,35,36,29,36,29,30,35,32,31,37,37,26,29,37,29,37,30,35,38,37,28,28,37,31,37,39,37,30,38,37,34,33,31,36,37,38,37,39,37,28,33,37,35,37,27,35,35,27,32,35,35,35,34,35,38,25,36,39,35,38,29,34,26,35,38,35,34,37,35,37,33,35,27,34,32,34,27,35,29,24,38,36,37,37,37,28,36,22,29,37,37,31,37,35,27,35,36,37,37,29,30,33,30,35,35,22,29,37,31,25,33,39,29,35,35,31,33,36,32,35,35,30,33,28,38,36,29,29,30,30,37,36,37,34,29,22,36,37,39,35,29,35,37,29,36,24,39,36,30,37,30,35,29,27,35,30,35,34,33,33,37,29,27,27,25,37,37,35,36,35,38,31,28,38,37,29,35,36,30,36,29,30,31,35,35,36,33,37,37,29,37,35,29,37,35,37,35,39,36,36,32,32,37,34,37,37,34,35,36,39,34,35,29,32,34,35,36,27,30,36,35,35,34,37,29,30,36,34,34,35,29,34,39,30,38,29,36,35,30,37,27,36,28,34,31,35,39,37,29,38,27,28,35,35,35,37,36,36,29,31,34,34,37,37,35,29,27,24,35,27,35,35,37,37,37,29,33,35,37,35,36,36,35,37,37,31,33,36,33,34,37,22,35,35,34,31,29,33,28,35,36,22,35,36,36,37,29,36,33,39,38,33,34,35,37,35,31,37,30,33,36,35,26,37,29,36,35,37,32,34,36,39,36,38,29,36,35,31,35,24,35,35,31,34,38,30,33,29,35,37,26,30,34,37,33,35,29,30,35,35,35,37,37,33,34,36,30,35,37,35,36,37,37,30,35,35,36,24,38,31,34,28,36,37,35,33,37,28,27,32,35,32,30,36,35,36,36,37,35,29,31,38,22,35,37,34,35,39,36,29,29,29,35,29,33,30,36,35,30,33,29,33,37,35,34,37,35,29,35,36,29,38,35,36,27,35,25,35,28,36,22,35,31,37,35,32,35,36,24,29,33,29,29,37,36,37,35,30,33,29,29,35,39,33,30,34,27,37,33,35,32,30,36,24,32,35,29,33,33,33,37,30,35,35,36,36,36,29,37,35,33,36,38,27,31,36,36,33,36,34,32,37,33,24,27,35,37,32,25,35,24,37,25,32,35,35,35,34,31,27,33,35,37,35,37,26,30,32,24,33,35,36,38,35,29,36,35,35,36,37,35,39,37,31,35,22,36,37,29,35,28,30,37,33,35,31,36,37,37,35,29,39,37,35,33,35,37,31,35,36,28,28,37,36,32,33,33,37,35,35,33,38,27,26,36,35,31,27,35,37
KNN-fs4,40,33,26,37,37,29,28,28,37,40,42,37,35,40,29,37,31,37,37,31,40,40,41,37,37,38,30,37,40,29,35,37,41,29,29,37,36,34,28,29,37,29,37,26,29,27,40,29,35,42,31,35,31,39,41,39,34,29,29,33,35,29,34,41,28,28,37,32,31,29,40,31,35,35,35,41,36,37,29,37,35,40,35,28,33,36,42,37,30,29,28,34,39,42,36,37,30,35,33,42,31,28,30,31,26,29,35,33,28,29,31,36,28,42,29,31,31,36,37,35,27,31,28,32,37,41,31,35,34,27,41,41,40,29,32,39,30,40,35,39,40,37,41,40,35,30,34,39,39,36,35,41,29,41,26,36,29,29,29,33,34,31,29,32,42,35,30,30,26,39,38,32,29,29,35,40,36,35,26,35,29,42,33,39,35,29,40,31,31,39,40,37,42,42,37,38,35,36,34,29,31,37,33,35,29,28,29,27,31,32,29,34,33,29,36,37,41,31,39,35,29,32,34,35,35,29,42,31,37,37,28,39,41,29,31,37,27,28,29,28,34,42,31,32,28,35,29,26,33,26,31,40,28,31,35,29,26,37,37,41,40,33,26,28,28,31,31,40,33,42,30,34,27,26,28,29,26,30,27,42,35,29,27,33,37,34,35,42,28,42,35,41,27,36,40,28,40,35,41,31,40,40,40,29,40,29,26,38,33,29,26,34,31,31,38,29,39,29,32,37,31,39,30,31,28,42,36,33,42,30,32,36,29,26,31,36,35,38,28,42,29,34,42,33,38,31,37,31,31,31,26,30,37,41,35,31,37,37,37,30,37,33,26,31,30,41,30,35,29,30,41,37,37,42,42,35,42,30,39,29,37,36,37,29,36,41,30,35,27,42,34,33,28,29,29,29,31,30,40,33,35,30,35,39,37,39,28,28,34,29,31,29,41,31,38,40,31,36,38,29,29,41,41,29,40,28,37,32,27,26,41,41,26,37,29,28,29,39,28,28,35,37,36,31,28,28,31,28,28,41,37,27,29,28,41,31,30,41,37,33,33,31,35,34,28,41,31,27,31,28,39,35,40,30,28,31,35,29,33,31,36,32,40,35,35,36,41,34,40,42,28,30,28,29,29,41,31,42,40,27,31,37,29,33,41,32,31,27,29,39,40,35,39,31,32,42,40,29,39,41,37,28,40,33,33,38,36,29,36,33,33,37,37,41,28,30,39,40,37,37,29,30,26,35,40,42,28,29,27,29,39,30,29,39,30,42,28,29,40,30,37,31,38,41,31,37,33,35,35,37,27,39,40,41,41,29,26,31,28,31,26,37,40,28,26,40,29,31,39,30,40,38,38,32,34,28,35,27,29,37,28,31,40,27,30,26,30,27,28,29,35,36,27,35,28,29,36,32,31,28,33,29,37,35,35,29,31,40,39,31,31,33,36,27,40,38,31,35,36,34,40,35,28,39,28,40,31,34,39,28,41,31,41,35,38,33,26,28,39,26,41,41,30,33,33,27,28,30,40,37,35,33,28,28,31,40,41,42,33,41,33,31,28,29,29,39,35,32,29,32,30,29,30,31,26,37,35,29,37,35,28,42,31,32,35,38,40,37,41,30,29,42,31,29,30,27,38,29,37,28,28,36,32,33,28,33,36,28,39,36,30,31,42,29,39,29,31,29,36,36,31,28,31,28,40,31,34,37,33,42,32,33,39,35,28,37,35,40,30,29,41,37,35,27,35,33,41,38,31,34,30,29,31,35,35,30,40,34,29,34,31,29,30,40,31,32,31,42,28,36,36,40,28,31,32,37,28,40,41,38,32,37,39,31,33,29,29,28,33,40,37,26,42,33,29,35,34,28,31,38,39,39,32,39,37,37,31,32,37,37,38,37,28,32,35,29,29,39,34,28,40,28,31,29,40,32,41,31,40,28,42,31,37,28,31,35,30,29,42,41,34,41,39,29,31,31,34,39,35,40,39,34,28,35,37,36,40,29,37,29,35,39,30,42,36,31,41,34,34,36,27,40,34,33,30,31,29,38,29,30,37,31,28,41,37,28,29,37,29,35,35,28,37,41,41,34,29,37,41,31,42,29,41,36,31,33,33,35,37,40,37,29,31,32,28,42,37,36,42,37,31,29,28,31,39,30,32,31,29,29,32,26,29,37,30,42,30,27,38,33,41,37,29,35,34,37,31,31,28,33,39,28,30,31,37,29,30,37,31,29,41,41,29,29,36,37,37,27,32,32,37,28,40,40,28,31,38,41,32,26
LASSO-fs2,32,36,39,33,36,38,36,34,34,32,29,35,37,32,35,32,34,34,34,34,32,30,29,36,36,32,38,28,31,38,30,34,30,38,34,36,37,32,35,34,34,38,34,38,34,39,32,37,30,28,38,37,34,30,29,28,36,34,38,36,31,34,36,30,38,38,28,34,38,36,31,36,37,36,29,32,35,34,39,35,37,32,37,37,37,35,31,35,34,34,38,32,30,29,35,32,36,37,36,29,36,35,34,38,39,38,31,37,35,38,36,37,36,28,34,38,34,35,35,36,39,36,38,33,34,32,34,36,36,39,29,30,30,38,33,29,37,32,30,30,32,35,30,32,37,34,36,29,32,35,37,30,36,32,39,37,34,34,34,37,33,38,38,38,28,37,37,37,39,30,32,36,35,38,37,31,37,36,39,37,39,28,37,29,36,36,32,38,38,30,32,28,29,31,35,32,32,33,36,34,38,36,37,36,34,35,39,38,38,38,36,32,37,38,35,36,30,36,30,31,34,38,36,32,37,36,31,36,33,34,38,30,31,36,38,31,38,38,34,38,37,31,33,38,35,29,34,39,37,39,37,32,36,34,31,38,39,32,35,30,32,36,39,36,38,36,34,32,34,29,37,33,38,39,37,34,39,38,39,28,31,38,39,37,34,36,37,31,36,29,31,31,39,35,32,35,32,31,30,38,32,32,32,38,32,34,39,32,37,34,39,36,34,34,32,37,30,34,38,36,34,29,34,34,35,28,35,38,30,37,38,33,38,39,36,35,32,32,36,28,38,31,27,32,32,37,34,38,34,38,39,38,36,30,36,34,35,32,35,37,34,37,39,36,34,30,34,36,34,38,30,32,35,28,28,36,29,37,30,39,35,35,32,36,35,31,34,37,38,29,36,37,36,39,39,38,38,37,32,36,31,37,31,32,35,32,38,34,36,34,36,35,30,38,32,32,34,33,30,34,34,31,30,36,32,38,34,38,39,39,30,30,39,34,38,37,38,32,35,38,37,35,32,37,36,36,38,38,38,30,36,39,34,38,29,34,34,29,31,37,36,33,32,37,37,31,38,38,34,35,30,36,31,34,37,34,36,34,36,38,35,38,32,37,31,35,29,36,32,31,35,37,38,34,38,30,37,28,30,38,36,36,38,37,31,37,38,38,39,30,32,32,29,34,33,28,30,39,32,31,35,36,32,37,37,32,35,34,28,37,37,34,36,29,37,37,30,32,35,32,38,37,39,36,32,28,37,36,38,34,30,34,38,30,38,31,37,34,32,36,34,34,32,32,37,34,36,31,32,36,38,30,32,30,31,38,39,34,35,34,39,34,32,36,38,30,34,37,29,37,32,32,32,33,32,38,30,38,39,31,38,34,32,38,37,39,34,38,38,34,31,29,39,31,38,38,35,38,38,37,32,34,32,29,32,34,37,32,29,38,34,32,35,39,32,32,38,32,35,31,32,36,37,29,34,32,37,32,32,36,30,38,29,36,32,37,38,36,32,39,31,30,34,37,37,38,35,38,32,32,37,32,36,38,34,32,30,30,37,32,37,38,38,36,39,30,30,38,38,38,37,34,34,38,39,29,37,38,35,37,36,28,37,37,36,32,30,35,29,34,35,28,34,34,37,38,32,34,36,38,36,37,33,37,38,36,33,36,29,35,38,37,31,36,30,35,36,36,33,35,38,37,37,35,32,38,36,34,36,27,37,36,32,36,36,32,32,32,34,38,31,34,36,38,36,36,30,32,37,36,34,38,36,32,36,37,32,32,34,32,38,38,36,32,37,36,38,29,35,32,35,32,38,38,36,36,38,32,30,30,36,31,32,38,36,38,38,38,37,30,34,39,29,32,36,36,36,38,38,32,30,30,37,30,35,33,37,37,32,35,32,35,38,37,31,38,34,30,37,37,32,35,34,34,32,37,31,36,32,37,28,34,34,38,36,31,34,34,29,30,32,30,30,38,38,36,36,32,32,32,30,36,38,32,34,35,32,39,34,34,31,29,38,29,33,34,30,32,32,35,38,32,32,37,37,38,34,30,38,34,34,37,34,29,34,37,37,36,34,37,31,36,36,30,32,36,36,31,31,34,29,38,31,33,33,37,36,36,34,32,35,34,38,34,38,31,34,33,29,35,38,34,35,38,32,38,34,38,34,38,34,38,36,34,37,29,37,38,31,32,30,36,38,30,37,34,38,34,38,37,30,38,36,34,35,34,36,35,34,34,29,29,36,34,33,36,35,38,33,37,34,36,31,31,35,34,32,29,38,39
EN-fs3,33,37,36,35,35,35,38,39,35,33,32,36,36,33,37,36,38,36,36,36,33,36,33,34,35,36,35,36,33,36,36,35,36,36,37,35,35,38,39,37,36,36,35,36,37,35,33,38,37,32,36,36,38,36,33,36,37,39,34,37,37,37,37,33,36,36,36,38,36,38,33,38,36,37,37,34,37,35,34,36,36,33,36,39,36,37,33,36,39,39,37,38,36,32,37,35,38,36,38,33,38,39,36,36,36,37,37,36,37,34,38,35,39,32,38,35,38,38,36,37,35,38,37,38,36,35,38,37,37,35,33,36,36,34,38,35,38,33,37,36,33,36,33,33,36,36,37,35,33,37,36,33,38,33,36,35,39,39,38,36,37,35,37,37,31,36,38,38,36,36,35,38,37,37,36,33,35,37,35,36,34,32,36,35,37,38,33,35,35,36,33,36,32,33,36,36,36,37,38,39,35,34,36,37,37,39,34,37,37,36,39,38,36,35,37,35,33,38,36,36,37,36,37,38,36,38,33,38,35,35,36,36,33,38,35,38,36,36,38,36,36,33,38,36,39,37,39,37,36,35,38,33,39,38,36,36,36,36,36,33,33,37,36,39,36,38,38,33,36,32,38,37,36,35,38,37,36,37,35,32,36,34,35,36,35,37,36,33,38,33,36,33,36,37,33,39,33,37,33,35,33,33,33,37,33,37,36,36,36,39,36,37,38,38,35,38,36,38,37,35,38,36,38,38,39,32,37,37,33,38,36,37,34,35,38,37,36,35,39,32,36,37,32,37,35,35,36,36,36,35,36,37,35,35,38,38,36,35,36,38,35,36,35,38,38,34,37,38,37,35,35,36,36,32,32,37,33,38,36,35,36,37,35,39,37,33,38,36,37,32,37,36,39,35,35,37,35,38,33,38,37,38,38,35,36,33,36,39,37,39,38,37,36,35,35,33,38,38,37,38,38,33,35,38,33,36,35,37,36,35,33,33,36,36,36,38,34,35,39,36,36,36,37,35,38,39,35,37,36,33,35,35,39,36,33,38,38,33,38,36,37,38,37,36,39,33,35,37,38,39,36,37,33,37,39,38,37,39,38,35,37,36,33,36,38,37,33,37,33,33,39,38,36,38,36,33,38,32,36,36,38,35,34,36,33,36,35,36,33,36,33,38,36,38,38,32,36,34,35,33,36,38,33,36,36,35,37,37,37,36,36,36,35,33,39,38,36,33,34,33,36,38,36,37,35,32,38,38,37,37,36,39,36,36,37,33,38,37,33,38,35,38,36,33,36,35,37,37,36,35,36,36,33,33,33,36,35,37,37,38,36,36,33,39,36,36,39,38,36,38,33,35,35,38,37,37,37,36,33,36,36,38,33,36,38,35,38,37,37,37,37,37,35,37,36,36,38,37,35,36,38,37,36,37,36,39,38,33,35,35,38,38,37,35,33,34,35,37,37,37,33,37,38,36,39,33,38,37,35,39,33,35,33,37,35,36,37,39,36,37,33,33,38,36,36,36,37,37,33,36,36,38,38,36,38,33,33,33,38,33,36,36,36,38,34,36,37,37,34,36,38,37,37,36,36,36,36,34,36,36,38,32,38,36,37,35,36,36,33,38,37,32,38,39,38,36,36,39,35,37,39,35,38,36,36,37,37,38,35,37,37,38,33,38,36,37,38,38,38,37,35,38,38,39,33,35,37,36,37,33,38,37,35,37,39,34,38,33,38,36,33,35,37,36,37,38,36,34,38,38,36,36,38,37,37,38,33,37,38,37,35,34,38,33,38,38,35,33,39,38,37,33,37,36,38,35,36,33,33,37,38,38,33,35,37,37,37,36,36,36,36,36,32,37,39,37,37,37,35,36,36,36,36,36,36,35,38,36,34,36,36,36,36,36,37,36,39,36,36,38,33,39,38,39,33,36,33,38,33,38,32,38,36,36,38,36,36,39,33,34,38,34,36,34,35,38,37,33,38,33,36,37,37,36,35,37,33,35,36,37,38,37,37,33,38,38,35,38,38,37,36,33,36,36,38,35,39,36,35,38,36,38,39,33,36,38,38,35,37,36,38,38,35,32,33,38,38,38,33,38,32,35,33,38,38,36,37,37,36,33,36,38,36,38,36,33,35,38,32,36,36,39,39,36,35,35,36,37,37,34,36,37,38,35,38,32,38,36,36,38,33,34,36,37,36,36,35,38,36,36,36,37,38,38,36,37,38,36,37,37,33,33,38,39,38,35,36,36,38,36,36,39,33,33,39,38,35,33,36,36
KNN-fs1,41,38,33,41,40,36,32,30,41,41,41,39,38,41,30,39,33,38,38,33,41,38,40,41,40,37,37,34,41,34,34,40,38,34,31,40,39,35,30,31,38,34,41,33,30,33,41,34,32,41,35,38,33,38,40,34,38,32,37,38,32,31,38,39,34,33,34,33,35,32,41,37,38,38,34,40,38,40,33,39,38,41,38,31,38,38,40,38,32,31,31,35,38,41,38,41,32,38,37,40,37,30,32,37,33,34,32,38,30,35,32,38,31,41,32,37,32,37,38,38,34,35,34,34,40,39,33,38,38,33,40,38,38,36,34,34,34,41,34,38,41,38,38,41,38,32,38,34,41,38,38,39,32,40,33,39,32,32,32,38,32,37,34,36,41,38,35,34,33,38,41,37,30,35,38,41,40,38,33,38,35,41,38,34,38,32,41,37,37,38,41,34,41,40,39,39,34,38,37,32,37,41,38,38,31,30,33,31,35,37,31,35,38,36,38,41,40,33,38,34,31,37,38,34,38,32,40,35,41,41,34,38,40,32,37,34,33,34,31,34,38,40,35,37,30,34,30,33,38,33,35,41,31,30,34,34,33,38,39,40,41,38,33,31,34,35,32,41,32,41,34,32,34,33,31,30,33,35,34,41,34,35,33,38,41,38,38,40,32,40,34,40,34,38,41,30,41,33,40,36,41,41,41,34,41,30,33,37,38,31,33,38,33,33,40,34,37,32,36,40,32,34,32,33,30,41,38,36,41,35,37,38,36,33,33,38,33,41,31,41,35,32,41,30,40,38,38,35,33,37,33,34,40,38,37,32,38,40,38,35,41,38,33,33,32,38,31,37,30,37,38,39,38,41,41,38,40,35,38,33,38,38,40,31,38,40,32,38,31,41,38,38,31,33,34,35,37,35,41,37,33,35,34,41,39,41,34,30,38,31,37,30,38,37,39,41,33,37,34,32,32,40,39,32,41,34,41,36,33,33,40,40,33,39,34,31,36,41,30,34,38,38,38,38,31,31,36,31,33,40,40,33,31,34,40,33,32,40,36,38,38,30,33,38,31,40,37,31,30,30,38,38,41,31,31,33,38,32,37,36,38,37,41,38,34,38,40,38,41,40,30,34,34,32,34,40,35,41,38,34,33,41,36,38,40,38,37,34,35,38,41,34,38,33,34,41,38,35,41,40,38,31,41,38,38,40,38,30,34,38,38,41,40,40,31,35,38,41,41,41,34,34,33,38,38,41,34,32,31,31,37,31,35,38,35,40,30,30,41,32,41,33,39,40,38,41,38,33,34,40,34,37,41,40,40,34,33,30,30,30,33,39,41,31,34,38,31,35,37,35,41,41,41,34,30,34,32,34,35,38,34,33,41,33,36,33,32,31,34,30,34,34,34,32,34,35,37,36,37,31,35,31,39,34,33,30,35,41,34,37,33,30,38,33,41,41,37,33,38,32,41,38,31,34,30,41,35,30,41,31,40,37,40,38,40,38,31,31,38,33,40,40,32,38,38,34,30,35,41,38,38,35,32,34,33,41,40,40,36,40,38,37,34,32,35,38,32,36,35,37,35,30,31,35,33,34,38,37,38,38,32,41,36,38,38,40,38,38,40,32,30,41,32,30,35,34,39,30,40,31,31,38,35,38,34,38,38,32,34,38,35,36,40,32,38,30,37,32,37,38,37,31,35,30,41,37,38,38,38,40,36,38,41,38,31,41,34,41,32,34,40,41,38,34,38,37,38,41,36,37,32,34,35,34,38,35,41,33,32,33,37,36,32,41,36,37,37,40,30,37,38,41,34,35,37,40,34,41,40,34,37,34,41,37,38,34,34,34,38,38,39,33,41,30,31,38,38,31,37,39,38,38,38,38,38,41,35,38,41,40,39,38,34,38,33,34,31,38,38,34,41,30,33,30,41,38,40,37,41,34,41,33,40,34,37,34,32,30,40,38,37,38,38,36,37,33,38,41,34,41,37,38,31,34,41,38,41,34,38,31,34,36,35,41,37,33,38,35,37,38,33,41,33,38,34,37,30,37,36,32,39,35,30,40,39,34,34,40,30,38,34,32,40,42,40,37,32,34,40,33,41,34,40,37,30,38,38,38,40,41,38,31,35,33,34,40,41,37,41,38,37,30,30,37,40,37,33,36,30,35,33,31,32,40,36,41,34,33,37,30,40,41,34,34,38,39,37,32,34,38,38,31,32,33,38,31,32,38,30,30,40,40,32,30,37,40,38,33,34,38,38,31,41,41,30,33,40,40,37,33
MLR-fs2,37,39,41,38,39,41,40,40,38,37,34,38,40,37,40,38,39,39,39,39,37,37,34,39,39,39,41,35,34,40,37,38,37,41,38,38,40,39,40,38,39,41,38,41,38,41,37,40,36,34,41,40,39,37,34,35,39,40,41,39,36,38,39,37,40,40,35,39,41,40,34,39,40,39,36,37,39,38,41,38,40,37,40,40,40,39,34,39,40,40,40,39,37,34,39,38,40,39,39,34,39,40,40,41,41,40,36,39,40,41,40,40,40,34,40,41,40,39,39,39,41,40,40,39,38,37,39,39,39,41,34,37,37,41,39,36,40,37,36,37,37,39,37,37,40,40,39,38,37,39,40,37,40,37,41,40,40,40,40,39,36,41,40,39,34,40,40,40,41,37,37,39,40,40,40,34,39,39,41,40,41,34,40,38,39,40,37,41,41,37,37,35,34,34,38,37,37,39,39,40,41,39,40,39,38,40,41,40,40,40,40,39,40,41,39,38,37,40,37,39,40,40,39,39,40,40,34,39,38,38,40,37,34,40,40,39,40,40,37,41,40,34,39,40,40,36,40,40,40,41,39,37,40,37,37,41,41,39,38,37,37,39,40,40,40,39,40,37,37,34,40,36,41,41,40,38,40,40,41,34,39,41,41,39,38,39,40,34,40,34,39,34,41,39,37,40,37,36,37,41,37,37,37,40,37,40,41,39,40,40,40,39,39,39,37,40,38,40,39,38,39,35,40,39,40,34,39,39,34,40,39,39,41,41,40,39,37,37,40,34,41,36,34,36,37,40,39,41,37,41,41,40,38,37,39,39,39,38,39,40,38,40,41,39,40,37,40,39,40,41,37,38,39,34,34,39,34,40,37,41,39,39,38,40,39,34,40,40,40,34,39,40,40,41,41,40,41,40,37,39,36,40,39,37,38,37,40,40,39,40,39,40,37,40,37,37,39,39,39,40,40,34,37,40,37,40,38,40,40,41,37,37,41,38,41,40,41,37,40,40,39,39,39,40,40,40,41,40,40,37,38,41,40,40,34,39,40,34,39,40,39,36,36,39,40,34,40,40,37,40,37,39,34,38,40,39,39,40,39,41,39,40,37,40,39,39,35,39,37,34,40,40,40,40,40,35,40,34,37,41,39,39,41,40,34,40,41,41,41,37,37,39,37,39,39,34,37,41,37,34,39,40,37,39,39,37,39,40,35,40,40,38,39,35,40,40,37,37,38,38,41,40,41,39,37,34,40,40,40,38,38,40,41,37,40,34,40,38,37,40,38,39,37,37,40,38,39,36,37,39,41,38,37,35,34,40,41,36,40,37,41,38,37,40,41,37,40,39,38,39,37,37,37,39,36,40,36,41,41,39,40,39,37,40,39,41,40,40,40,38,36,35,41,36,41,41,39,39,40,40,39,38,38,36,37,40,39,37,38,41,39,36,39,41,37,37,40,36,39,36,37,39,40,35,40,37,39,36,37,40,37,41,34,39,37,39,40,40,37,40,34,37,40,40,40,41,40,40,37,39,40,39,40,40,39,37,36,34,39,37,39,40,41,40,41,37,36,40,41,40,40,38,38,41,41,35,39,41,39,39,40,34,39,40,39,37,37,39,34,40,40,34,40,40,40,41,37,40,39,40,40,40,39,40,40,39,39,40,38,39,40,39,34,40,37,40,39,40,39,39,41,40,39,40,37,40,39,39,39,34,39,39,37,39,40,38,39,37,40,41,34,38,39,40,39,39,37,37,39,39,40,40,40,36,39,40,37,36,40,36,41,41,40,37,39,39,41,34,40,39,39,37,40,41,39,38,41,37,37,39,39,39,37,41,39,40,40,40,39,37,38,41,34,36,40,39,39,40,40,37,37,37,40,37,39,38,40,40,38,38,37,39,40,40,36,41,40,37,40,40,37,40,39,40,37,40,34,39,37,40,34,39,38,40,39,37,40,40,34,37,39,37,37,41,40,40,39,37,39,37,38,39,40,37,38,39,37,41,39,40,39,38,40,34,39,39,37,39,39,39,40,37,37,39,40,41,40,39,41,40,38,39,40,34,38,40,40,39,38,39,39,40,38,34,37,39,40,39,34,39,34,41,34,39,37,40,39,39,38,37,39,37,41,39,40,34,38,39,34,39,40,40,40,40,37,41,37,40,38,41,37,40,40,38,39,34,40,40,39,36,37,39,41,36,40,38,41,40,41,40,37,40,40,39,39,40,40,39,36,40,34,34,40,40,39,38,39,40,39,40,39,40,34,34,40,39,37,34,40,41
RIDGE-fs3,38,40,40,39,38,40,41,42,39,38,36,40,39,38,42,40,41,40,40,41,38,39,38,38,38,40,39,40,37,41,40,39,39,40,42,39,38,40,42,42,40,40,39,40,42,40,38,41,39,36,40,39,41,40,38,40,40,41,39,40,41,42,40,38,41,41,40,41,40,41,38,41,39,40,40,38,40,39,40,40,39,38,39,41,39,40,37,40,41,41,41,41,40,36,40,39,41,40,41,36,41,42,41,39,40,41,41,40,42,40,41,39,41,36,41,39,41,40,40,40,40,41,41,41,39,38,41,40,40,40,38,39,39,40,41,40,41,38,41,40,38,40,39,38,39,41,40,40,38,40,39,38,41,38,40,38,41,41,41,40,41,40,41,41,36,39,41,41,40,40,39,40,42,41,39,39,38,40,40,39,40,36,39,40,40,41,38,40,39,40,38,40,36,36,40,40,41,40,40,41,40,38,39,40,42,42,40,41,41,39,41,41,39,40,40,39,38,41,40,40,42,39,40,41,39,41,36,41,39,39,41,40,39,41,39,40,41,41,42,40,39,37,41,39,42,41,42,41,39,40,41,38,41,41,40,40,40,40,40,38,38,40,41,41,41,41,41,38,41,36,41,41,40,40,41,42,41,41,40,36,40,40,40,40,39,40,39,36,41,36,40,38,40,40,38,42,38,41,38,40,38,38,38,41,38,42,40,40,39,41,41,40,41,41,39,41,40,41,41,39,41,40,41,41,42,36,40,40,36,41,40,40,40,40,41,40,41,39,41,36,40,41,36,41,39,39,40,40,41,39,40,41,39,39,40,41,40,39,40,41,39,39,40,41,41,39,41,40,42,40,39,40,40,36,36,40,36,41,40,40,40,40,39,41,40,39,41,39,41,36,40,39,41,40,40,41,39,41,38,40,41,41,40,38,40,38,41,42,40,41,41,42,39,39,40,38,41,40,40,41,41,38,38,41,38,41,39,41,41,40,38,38,40,40,40,42,40,38,42,41,40,40,40,39,41,42,40,41,41,38,39,40,41,41,38,41,41,38,40,39,40,41,41,40,41,38,39,42,41,42,40,40,39,42,41,41,40,41,40,40,40,39,38,39,40,40,38,40,38,36,42,41,41,41,41,38,41,36,39,40,41,38,40,39,38,39,40,40,40,40,38,40,40,41,41,36,39,40,38,38,40,41,38,40,40,39,40,42,40,39,39,39,38,38,42,41,40,38,39,39,40,41,40,40,39,36,41,41,42,42,40,41,40,40,41,36,42,42,38,41,39,41,40,38,39,39,40,41,41,38,40,40,38,38,38,41,40,41,42,41,40,40,38,42,40,39,41,41,40,41,38,39,39,41,41,41,39,40,40,40,41,41,38,41,41,40,41,41,41,42,40,40,40,39,40,40,40,41,39,41,41,42,40,40,41,42,41,38,40,39,41,41,40,40,38,39,39,41,40,39,38,40,41,40,42,38,41,41,38,41,38,39,38,40,39,40,41,41,40,41,38,38,41,39,39,40,42,41,38,40,39,41,41,41,41,38,38,36,40,38,40,39,40,41,40,40,39,41,40,39,41,42,41,40,40,40,40,40,40,40,41,36,41,39,40,39,39,40,38,41,42,36,41,42,41,40,40,42,38,41,41,39,41,39,41,40,40,41,40,40,41,41,36,41,40,42,40,41,40,40,40,41,41,42,38,39,40,40,40,36,41,40,38,40,41,39,41,38,41,40,38,39,40,41,40,40,39,39,41,40,41,41,41,41,40,41,38,41,41,41,39,40,41,38,41,40,39,36,42,40,40,38,41,40,40,39,40,38,38,40,40,40,38,39,40,41,41,41,40,39,40,40,36,41,41,40,40,41,39,40,40,40,39,40,40,39,41,39,39,39,40,40,41,39,41,40,41,40,39,41,38,42,41,42,38,39,38,41,38,41,36,41,39,41,41,40,41,42,36,39,40,39,40,40,39,41,40,38,40,38,40,40,41,41,39,40,38,40,40,41,40,40,41,36,40,41,39,40,40,40,41,38,41,40,41,39,42,40,40,41,40,41,42,38,40,41,41,38,42,40,40,41,39,36,38,40,41,40,38,41,36,40,38,40,41,39,40,40,39,38,40,42,40,41,41,36,39,40,36,40,39,42,42,39,38,40,41,41,42,40,41,41,41,39,41,36,41,41,40,41,38,38,40,41,39,40,40,41,40,39,40,41,41,41,40,41,41,40,41,42,38,38,41,42,40,39,40,41,41,39,40,41,38,38,42,41,39,38,39,40
RIDGE-fs1,39,41,43,40,41,42,43,43,40,39,35,41,41,39,43,41,42,41,41,42,39,41,39,40,41,41,42,41,36,42,41,41,40,42,43,41,41,42,43,43,41,42,40,43,43,42,39,42,42,35,42,41,42,41,39,41,41,43,42,42,42,43,41,40,43,43,41,42,42,43,39,42,41,41,42,39,41,41,42,41,41,39,41,43,41,41,36,41,43,43,43,42,41,35,41,40,42,41,42,35,42,43,43,42,43,42,42,41,43,42,42,41,43,35,43,42,42,42,41,42,42,42,43,42,41,40,42,41,42,42,39,40,41,42,42,41,42,39,42,41,39,41,40,39,41,43,42,41,40,41,41,40,43,39,43,41,43,43,43,41,42,42,42,42,35,41,42,42,43,41,40,42,43,42,41,38,41,41,42,41,42,35,41,41,41,43,39,42,42,41,39,42,35,35,41,41,42,41,42,43,42,40,41,41,43,43,42,43,42,42,43,42,41,42,41,40,39,42,41,42,43,42,42,42,41,43,35,42,40,40,42,41,38,43,42,41,43,43,43,42,41,35,42,42,43,42,43,43,41,42,42,39,43,43,42,42,43,41,41,39,39,42,43,43,43,42,42,39,42,35,42,42,42,42,43,43,43,42,42,35,42,42,42,41,40,41,41,35,43,35,42,39,42,41,39,43,39,42,39,42,39,39,39,42,39,43,43,41,41,43,43,42,42,42,41,42,41,43,42,41,42,41,43,42,43,35,41,42,35,42,42,41,42,42,42,41,42,40,43,35,42,43,35,43,41,42,41,42,42,42,43,42,41,40,42,42,41,41,41,42,40,41,42,42,43,40,43,42,43,42,40,41,41,35,35,41,35,42,41,42,41,41,41,43,41,38,43,41,43,35,41,41,43,42,42,42,42,42,39,42,42,42,42,40,41,40,42,43,42,43,42,43,40,42,41,39,42,41,41,43,43,35,40,43,39,42,40,42,43,42,39,39,42,41,42,43,42,40,43,42,41,41,41,42,43,43,42,43,43,39,41,42,43,43,39,42,43,39,41,41,42,43,42,41,43,39,42,43,43,43,41,41,38,43,43,42,41,43,42,42,41,42,39,41,42,41,39,41,39,35,43,42,43,43,42,39,42,35,41,42,42,40,42,41,39,41,42,42,42,41,39,42,41,42,42,35,41,42,40,39,41,43,39,42,42,41,41,43,42,41,41,40,41,39,43,42,41,39,40,40,42,42,43,41,41,35,43,43,43,43,41,43,42,41,42,35,43,43,39,42,40,42,41,39,42,40,42,42,42,41,42,41,39,39,39,42,42,43,43,43,43,41,39,43,42,41,43,42,41,42,39,40,40,42,43,42,42,42,42,41,43,42,39,43,42,43,43,43,43,43,42,42,42,42,42,42,42,42,42,43,42,43,41,42,42,43,42,39,41,42,42,43,41,42,39,40,42,42,41,43,39,41,43,41,43,39,42,43,40,43,39,42,39,41,41,41,43,43,41,43,39,39,43,41,41,42,43,42,39,41,41,42,43,43,42,39,39,35,42,39,42,42,42,43,42,41,42,42,42,42,42,43,43,42,43,41,41,42,41,41,43,35,42,42,41,41,41,41,39,43,43,35,42,43,42,42,41,43,41,43,43,41,42,41,43,42,41,43,41,41,42,42,35,43,41,43,42,43,41,41,42,43,42,43,39,42,41,41,42,35,42,42,40,41,43,40,42,39,43,42,39,40,41,43,41,42,40,40,42,42,43,42,42,42,41,42,39,42,43,42,42,42,42,39,42,42,42,35,43,41,41,39,43,42,42,41,42,39,39,41,42,42,40,42,42,42,42,43,42,41,41,43,35,43,43,41,42,43,42,41,41,41,41,41,41,40,42,41,40,41,41,41,42,41,42,42,43,41,41,43,39,43,42,43,39,42,39,42,39,43,35,42,41,42,42,42,43,43,35,40,42,40,41,42,42,42,41,40,42,39,41,42,43,42,40,41,39,42,41,43,42,41,42,35,42,42,40,42,42,41,43,39,42,42,42,42,43,41,42,43,41,42,43,39,41,42,42,41,43,41,42,43,41,35,39,42,43,41,39,42,35,42,39,42,43,41,42,42,41,39,41,43,42,42,43,35,40,42,35,41,42,43,43,42,41,42,42,42,43,42,42,43,43,41,42,35,42,43,41,43,39,40,42,42,41,41,42,42,42,41,41,43,42,42,41,43,42,41,43,43,39,39,42,43,41,41,41,43,42,41,41,43,39,39,43,42,41,39,42,42
KNN-fs3,44,42,38,43,42,39,39,37,43,43,45,42,42,43,34,42,40,42,42,40,43,43,43,43,42,42,40,42,44,39,42,43,43,39,36,42,42,41,34,36,42,39,43,39,35,38,44,39,38,46,39,42,40,42,43,42,42,38,40,41,38,36,42,43,39,39,42,40,39,39,44,40,42,42,41,43,42,43,38,42,42,43,42,36,42,42,43,42,36,36,36,40,42,45,42,43,39,42,40,43,40,34,37,40,38,39,38,42,33,39,39,42,37,45,39,40,39,41,42,41,38,39,39,40,42,43,40,42,41,38,43,43,43,39,40,42,39,43,38,42,44,42,43,43,42,37,41,42,43,42,42,43,39,43,38,42,38,38,39,42,38,39,39,40,46,42,39,39,38,42,43,41,34,39,42,44,42,42,38,42,38,46,42,42,42,39,43,39,40,42,43,41,45,44,42,42,40,42,41,38,39,43,42,42,36,34,38,36,39,41,38,40,42,39,42,42,43,39,43,41,36,41,41,40,42,39,44,40,43,43,39,42,43,39,41,42,39,39,36,39,42,43,40,41,34,40,35,36,42,38,40,43,37,36,41,39,38,42,42,43,43,41,37,38,39,40,39,43,40,45,39,38,39,38,36,35,37,39,38,46,41,39,38,42,43,42,42,44,39,43,41,44,38,42,44,34,44,38,43,39,44,43,43,39,44,35,38,42,42,36,38,41,40,40,43,39,42,39,40,42,40,42,39,40,34,45,42,41,45,39,41,42,39,38,39,42,40,43,37,46,39,38,44,38,43,41,42,39,40,40,38,39,42,43,41,40,42,43,42,39,43,42,38,40,39,43,36,41,35,39,43,42,42,46,45,42,43,39,42,38,42,42,43,37,42,43,39,42,36,45,42,42,37,38,38,39,40,39,43,41,38,39,41,43,42,43,39,35,41,36,40,34,43,41,43,43,40,42,42,39,39,44,43,39,43,39,43,39,37,38,43,43,38,42,39,36,39,43,34,39,42,42,42,41,39,37,39,36,39,43,42,38,36,39,43,40,39,43,42,42,41,37,40,42,36,43,41,36,36,33,42,42,44,36,36,40,42,38,41,39,42,41,44,42,41,42,43,42,43,43,34,39,39,39,39,43,39,45,43,39,40,42,39,42,43,42,39,39,38,42,43,41,42,40,40,45,43,38,43,43,42,37,43,41,41,43,42,35,41,42,42,43,42,43,36,39,42,44,43,44,39,39,38,42,43,45,39,39,36,36,42,36,39,42,39,43,34,35,43,39,43,40,42,43,41,43,41,40,40,42,39,42,44,43,43,39,38,38,33,36,37,42,43,37,39,43,36,40,42,40,43,43,43,40,38,39,38,39,38,42,39,40,43,39,40,38,39,36,39,35,41,41,38,38,39,39,41,40,41,38,40,36,42,41,40,36,40,44,42,40,40,37,42,38,43,43,41,40,42,38,44,42,36,42,35,43,40,38,43,38,43,40,43,42,43,42,36,38,43,36,43,43,39,42,42,39,34,39,43,42,42,40,39,39,40,43,43,44,41,43,41,41,39,39,38,43,38,39,39,41,39,35,36,39,38,42,42,39,42,42,39,45,40,41,42,43,43,42,43,39,34,45,39,35,39,39,42,35,42,36,37,42,40,42,39,41,42,39,42,42,39,40,44,39,42,34,41,39,42,42,39,36,40,34,43,41,42,42,41,43,40,41,43,42,37,43,40,43,39,39,43,43,42,39,42,41,43,43,40,41,39,39,39,40,42,39,43,40,39,40,40,39,39,43,40,41,40,43,34,42,42,44,39,39,41,42,39,44,43,42,41,41,44,40,41,39,39,39,41,43,43,37,45,38,38,42,41,36,41,43,42,43,42,42,42,43,39,42,43,42,42,42,39,42,38,39,36,42,42,39,43,33,40,35,43,41,43,40,43,39,46,40,43,39,40,41,39,35,43,43,41,43,42,39,41,39,42,44,41,43,42,41,36,40,43,42,44,38,42,36,41,42,39,44,41,40,43,41,41,42,39,43,40,41,39,40,35,42,39,39,42,40,35,43,42,39,39,42,35,42,41,39,42,45,43,41,39,42,43,40,44,39,43,41,36,42,41,41,42,43,42,36,39,40,39,44,43,41,44,42,41,35,33,41,43,39,40,39,35,39,40,36,39,43,40,45,39,39,42,37,43,43,39,38,42,42,39,39,39,42,42,36,39,40,42,36,39,42,38,35,43,43,39,35,42,42,42,39,40,42,42,37,44,44,34,40,43,43,41,38
LASSO-fs3,42,43,45,42,43,45,44,44,42,42,40,43,43,42,44,43,44,43,43,44,42,42,42,42,43,43,45,43,42,44,43,42,42,45,44,43,43,43,44,44,43,45,42,45,44,45,42,44,44,40,45,43,44,43,42,43,43,44,45,43,44,44,43,42,44,44,43,44,45,44,42,44,43,43,43,42,43,42,45,43,44,42,43,44,44,43,41,43,44,44,44,43,43,40,43,42,44,43,44,41,44,44,44,45,45,44,44,43,44,45,44,43,44,40,44,45,44,43,43,43,45,44,44,44,43,42,44,43,43,45,42,42,42,45,44,43,44,42,44,43,42,43,42,42,43,44,43,43,42,43,43,42,44,42,45,43,44,44,44,43,44,45,44,44,40,43,44,44,45,43,42,43,44,44,43,42,43,43,45,43,45,40,44,43,43,44,42,45,45,43,42,43,40,41,43,43,44,43,43,44,45,42,44,43,44,44,45,44,44,45,44,43,43,45,43,43,42,44,42,43,44,44,43,44,43,44,41,44,42,42,45,43,42,44,44,43,45,44,44,45,43,41,44,45,44,43,44,45,44,45,44,42,44,44,43,45,45,43,43,42,42,43,45,44,44,44,44,42,44,40,44,44,45,45,44,44,45,44,45,40,43,45,45,43,42,43,44,41,44,41,43,42,45,43,42,44,42,44,42,45,42,42,42,44,42,44,45,43,44,44,45,43,44,44,42,44,43,44,44,43,44,43,44,44,44,40,43,44,40,44,44,43,45,45,44,43,44,42,44,40,45,44,40,44,42,44,43,45,44,44,45,44,43,42,43,44,43,42,43,44,42,44,45,44,44,42,44,43,44,45,42,43,43,40,40,43,41,44,43,45,43,43,42,44,43,42,44,43,44,40,43,44,44,45,45,45,45,44,42,43,44,44,43,42,43,42,44,44,43,44,44,44,42,44,42,42,44,43,43,44,44,42,42,44,42,45,42,44,44,45,42,42,45,43,45,44,45,42,44,44,43,43,43,44,44,44,45,44,44,42,43,45,44,44,42,44,44,42,43,44,43,44,44,43,44,42,44,44,44,44,43,43,42,44,44,44,43,44,43,45,43,45,42,43,43,43,42,43,42,41,44,44,44,44,44,42,44,40,42,45,44,43,45,43,42,44,45,45,45,43,42,43,43,44,44,40,42,45,42,42,43,44,42,43,43,42,43,44,43,44,44,42,43,42,44,44,43,42,42,42,45,44,45,43,42,40,44,44,44,44,43,44,45,43,44,41,44,44,42,44,42,44,43,42,44,42,43,44,44,43,45,43,42,42,42,44,45,44,44,44,45,43,42,44,45,42,44,44,43,44,42,42,42,44,44,44,44,45,45,43,44,44,42,45,44,45,44,44,44,44,43,43,45,44,45,45,43,44,44,44,44,44,43,43,44,44,44,42,43,45,44,44,43,45,42,42,44,44,43,44,42,43,44,43,44,42,44,44,42,44,42,45,42,43,42,43,44,44,42,45,42,42,44,44,44,45,44,44,42,43,43,44,44,44,44,42,42,41,44,42,43,44,45,44,45,42,44,44,45,43,44,44,44,45,45,43,43,45,43,43,44,40,44,44,43,42,42,43,42,44,44,40,44,44,44,45,43,44,43,44,44,43,44,44,44,43,43,44,43,43,44,44,41,44,43,44,44,44,43,43,45,44,44,44,42,44,43,43,43,41,44,43,42,43,44,42,43,42,44,45,42,42,43,45,43,44,42,42,44,43,44,44,44,44,43,44,42,44,44,44,45,45,44,42,44,44,45,41,44,43,43,42,44,45,43,43,45,42,42,43,43,43,42,45,43,44,44,45,43,42,42,45,40,44,44,43,43,44,44,42,43,42,44,43,43,42,44,44,42,43,43,43,44,44,44,45,44,43,43,44,42,44,44,44,42,44,42,44,42,44,40,44,42,45,44,43,44,44,41,42,43,42,43,45,44,44,43,42,43,42,43,43,44,43,42,43,42,45,43,44,43,43,44,40,43,44,42,43,43,43,44,42,44,43,44,45,44,43,45,44,43,44,44,42,43,44,44,43,44,43,43,44,43,40,42,43,44,43,42,44,40,45,42,43,44,43,43,43,43,42,43,44,45,44,44,41,42,43,40,43,45,44,44,45,42,45,44,45,44,45,44,44,44,42,44,40,44,45,43,44,42,42,45,44,44,43,45,44,45,44,43,44,44,44,43,44,44,43,44,44,42,42,44,44,43,43,43,45,44,44,43,44,42,42,44,44,42,42,44,45
KNN-fs2,47,44,42,47,46,44,42,41,46,47,47,45,45,47,41,45,43,44,44,43,47,44,47,46,46,44,44,44,47,43,44,46,44,43,41,45,46,44,41,41,44,43,46,42,41,43,47,43,43,47,43,45,43,44,45,44,44,42,44,44,43,41,44,44,42,42,44,43,43,42,47,43,45,44,44,46,45,46,44,45,45,46,45,42,45,44,47,45,42,42,42,44,44,47,44,46,43,45,43,47,43,41,42,44,42,43,43,45,41,44,43,45,42,47,42,44,43,44,45,44,43,43,42,43,46,45,43,45,44,44,46,44,44,44,43,44,43,47,43,44,47,45,44,47,45,42,44,44,47,44,45,44,42,47,42,46,42,42,42,45,43,44,43,43,47,45,43,43,42,44,47,44,41,43,45,47,46,45,43,45,44,47,45,44,44,42,46,44,44,44,47,44,47,47,45,44,43,44,44,42,44,46,45,45,41,41,44,42,43,43,42,44,45,44,44,46,45,43,44,44,41,45,44,43,45,42,47,43,47,46,43,44,47,42,45,44,42,42,41,43,45,47,43,44,41,44,41,42,45,43,43,47,42,42,44,43,42,44,45,46,47,44,42,42,42,43,43,47,43,47,43,43,43,43,42,41,42,43,44,47,44,44,43,45,46,44,45,47,42,47,44,47,43,44,47,41,47,43,46,44,47,47,47,43,47,41,42,44,45,42,42,44,43,43,46,43,44,42,43,45,43,44,42,43,41,47,44,43,47,43,43,44,44,43,43,44,43,46,42,47,43,42,47,42,46,45,44,43,43,45,42,43,46,44,44,43,45,46,45,43,46,45,43,43,42,44,42,44,41,44,44,45,44,47,47,44,47,43,44,44,44,45,46,42,44,47,42,45,42,47,44,45,42,44,44,43,44,43,47,44,43,43,44,46,45,46,43,41,44,42,43,41,44,45,45,46,43,44,44,42,42,47,45,42,47,43,47,43,42,43,45,44,43,44,43,41,44,46,41,43,45,44,44,45,42,41,44,42,42,44,46,44,42,42,47,43,42,47,44,45,44,42,43,45,42,47,45,41,42,41,44,45,47,41,42,43,44,42,44,43,45,43,47,45,44,44,46,44,47,47,41,43,42,42,43,45,43,47,44,43,43,46,44,45,47,45,44,43,44,44,46,44,44,43,43,47,44,44,46,47,45,42,47,44,44,45,44,41,44,45,45,46,46,45,41,43,44,47,46,47,43,43,42,44,45,47,42,42,41,41,44,42,43,44,43,47,41,41,46,43,46,43,44,46,45,46,44,43,43,46,43,44,47,46,47,43,43,42,41,42,42,45,46,41,43,44,42,43,44,43,47,46,46,43,42,43,43,43,44,44,42,43,47,42,43,42,42,42,42,41,44,44,43,43,43,43,44,43,45,42,43,41,44,44,43,41,43,47,44,44,43,42,44,43,47,47,45,43,44,42,47,45,42,44,41,47,43,42,46,42,46,44,46,44,45,45,42,42,44,42,47,45,42,45,45,43,41,43,46,44,45,43,42,42,43,47,46,47,43,47,44,45,43,42,44,44,43,43,44,44,43,41,42,43,42,44,45,44,45,45,42,47,43,45,44,46,44,44,45,42,41,47,43,41,43,43,44,41,46,42,42,45,43,45,42,44,44,42,44,45,43,43,47,42,44,41,43,42,44,44,44,42,43,41,46,45,44,44,44,47,43,44,46,44,42,47,44,47,42,43,47,46,45,42,45,43,44,47,43,44,42,43,43,43,45,43,47,43,42,43,44,44,43,47,43,43,44,47,41,44,44,47,42,43,44,46,43,47,46,44,44,44,47,44,44,43,43,42,44,44,45,42,47,42,42,44,44,42,45,45,44,44,45,44,44,46,43,45,47,45,44,45,43,45,43,43,42,44,45,42,47,41,43,41,47,45,47,43,46,42,47,43,46,43,43,44,42,41,47,44,44,44,44,44,45,43,44,47,44,47,44,44,42,44,46,44,47,44,44,42,44,44,43,47,44,43,44,44,44,45,42,47,43,44,43,44,41,44,44,42,45,43,41,47,45,43,43,46,41,45,44,42,45,47,46,44,42,44,47,43,47,44,47,44,42,45,44,44,45,47,45,41,43,43,42,47,46,44,47,45,44,41,41,44,45,44,43,43,41,44,43,42,42,46,43,47,43,42,44,42,46,46,43,43,45,45,44,43,43,45,44,42,43,43,45,42,43,44,42,41,45,45,43,41,44,46,44,42,43,45,44,42,47,47,41,43,46,46,45,43
RIDGE-fs4,43,45,44,44,44,43,45,45,44,44,43,44,44,44,47,44,45,45,45,47,44,46,45,44,44,46,43,47,43,45,47,44,46,44,47,44,44,47,45,47,45,44,44,44,47,44,43,45,47,43,44,44,45,47,46,47,45,47,43,45,47,47,45,46,45,45,47,47,44,45,43,45,44,45,47,44,44,44,43,44,43,44,44,45,43,45,44,44,47,47,45,47,47,43,45,44,45,44,45,44,45,46,47,43,44,45,47,44,47,43,45,44,45,43,45,43,47,45,44,45,44,45,45,47,44,44,47,44,45,43,45,47,46,43,45,47,45,44,47,47,43,44,46,44,44,47,45,47,44,45,44,46,45,44,44,44,45,46,46,44,47,43,45,45,43,44,45,45,44,47,44,45,47,45,44,43,44,44,44,44,43,43,43,47,45,45,44,43,43,47,44,47,43,43,44,45,47,45,45,45,43,44,43,44,47,46,43,45,45,44,45,47,44,43,45,44,46,45,46,47,47,43,45,47,44,45,43,45,44,44,44,45,44,45,43,47,44,45,47,44,44,44,45,43,46,47,46,44,43,44,45,44,45,47,47,44,44,46,44,44,44,45,44,45,45,45,45,44,47,43,45,47,44,44,45,47,44,45,43,43,47,43,44,44,44,45,43,43,45,45,47,43,44,45,43,45,43,47,44,43,43,44,44,45,43,47,44,46,43,47,44,45,47,45,44,45,47,45,45,44,47,47,47,47,46,43,45,45,43,45,45,45,43,44,45,45,47,44,45,43,44,47,43,47,44,43,45,44,47,43,44,45,44,46,45,47,44,44,44,45,44,43,44,45,47,47,47,45,47,43,46,44,45,43,43,45,45,45,47,43,45,44,44,45,45,44,47,44,45,43,45,43,45,43,43,44,43,45,44,45,47,45,47,44,44,44,45,45,45,47,45,47,47,43,44,44,46,45,47,45,45,43,44,45,44,44,44,45,45,44,46,46,44,45,44,45,43,44,45,45,44,45,45,43,45,45,43,45,45,46,44,43,47,45,44,47,47,44,47,43,45,47,47,44,45,44,43,45,47,46,45,44,43,47,45,45,45,45,45,44,44,44,43,44,47,45,45,45,44,44,45,45,45,45,45,46,45,43,46,44,45,44,43,44,44,43,43,44,43,47,44,47,47,45,47,43,47,43,44,44,44,45,44,45,45,44,45,47,47,43,43,44,44,46,45,45,45,43,44,43,44,45,44,45,44,43,45,45,45,47,46,47,44,45,45,44,45,47,44,45,44,45,45,44,43,44,45,47,47,44,44,47,43,44,44,45,44,47,47,47,44,44,44,45,44,46,47,45,47,45,44,44,44,47,47,45,47,44,43,45,45,45,44,44,45,44,45,45,45,47,47,47,44,47,44,44,45,45,43,45,47,47,45,47,47,47,45,43,47,43,47,47,45,44,44,44,43,47,45,47,43,44,45,47,45,44,45,47,44,45,45,43,45,45,44,44,45,45,45,44,44,46,46,43,43,44,47,45,44,45,44,47,45,45,47,44,44,43,45,44,45,43,44,45,43,45,47,45,43,45,45,47,47,44,44,47,44,43,44,44,45,43,45,43,45,44,47,45,46,47,47,43,45,47,45,44,45,47,44,45,45,44,45,43,45,45,45,45,47,44,45,45,43,45,47,47,45,45,45,45,43,45,45,45,44,43,45,45,45,44,45,45,44,45,45,44,47,44,47,44,44,44,44,44,44,45,47,44,45,45,47,45,45,47,44,45,44,47,45,47,43,43,45,44,45,45,43,44,46,46,45,43,45,44,45,44,44,43,44,47,45,47,43,43,45,45,45,44,45,46,44,44,43,47,45,45,45,45,43,44,45,45,43,46,45,44,45,43,44,44,45,44,45,43,47,44,47,45,44,45,44,46,47,47,44,43,44,45,44,45,43,47,44,44,45,47,47,46,44,47,46,46,46,43,43,45,45,43,47,44,47,45,45,47,44,45,43,43,45,47,47,47,45,43,46,47,46,46,46,44,45,44,47,45,45,43,46,45,43,46,44,45,46,44,44,45,45,44,47,44,47,45,44,43,44,45,45,47,44,47,43,43,44,45,47,44,45,45,44,44,44,47,44,47,45,43,44,45,43,44,43,47,45,43,44,43,47,44,47,43,47,45,45,44,45,43,45,44,46,47,44,44,44,47,43,44,43,45,44,43,47,45,45,45,44,47,45,45,47,47,46,46,45,46,46,44,45,44,47,43,45,45,43,43,46,47,44,45,43,44
MLR-fs1,45,46,46,45,45,46,46,47,45,45,44,46,46,45,46,46,47,46,46,46,45,45,44,45,45,45,46,45,45,46,45,45,45,46,46,46,45,45,47,46,46,46,45,46,46,46,45,46,46,44,46,46,47,45,44,45,46,46,46,46,46,46,46,45,46,46,45,46,46,46,45,46,46,46,45,45,46,45,46,46,46,45,46,47,46,46,45,46,46,46,46,45,45,44,46,45,46,46,46,45,46,47,46,46,46,46,46,46,46,46,46,46,47,44,47,46,46,46,46,46,46,46,46,45,45,46,46,46,46,46,44,45,45,46,46,45,46,45,46,45,45,46,45,45,46,46,46,45,45,46,46,45,47,45,46,45,47,47,47,46,46,46,46,46,44,46,46,46,46,45,45,46,46,46,46,45,45,46,46,46,46,44,46,45,46,47,45,46,46,45,45,45,44,45,46,46,46,46,46,47,46,45,46,46,46,47,46,47,46,46,47,45,46,46,46,45,44,46,45,45,46,46,46,45,46,47,45,46,45,45,46,46,45,47,46,45,46,46,46,46,46,45,46,46,47,46,47,46,46,46,46,45,47,46,45,46,46,45,46,45,45,46,46,47,46,46,46,45,46,44,46,46,46,46,47,46,46,46,46,44,45,46,46,46,45,46,46,45,46,44,45,45,46,46,45,47,45,46,45,46,45,45,45,46,45,46,46,45,46,46,46,46,46,46,45,46,45,47,46,46,46,45,46,46,47,44,46,46,44,46,46,46,46,46,46,46,46,45,47,44,46,46,45,46,45,46,46,46,46,46,46,46,45,45,46,46,46,45,46,46,45,46,46,46,46,45,46,46,46,46,45,46,46,44,44,46,44,46,45,46,46,46,45,47,46,45,46,46,46,44,46,46,47,46,46,46,46,46,45,46,46,46,45,45,46,45,46,47,46,46,46,46,45,46,46,45,45,46,45,47,47,45,46,46,45,46,45,46,46,46,44,45,46,46,46,47,46,45,47,46,46,46,46,46,46,47,46,47,46,45,45,46,46,46,45,46,46,45,45,46,46,46,46,46,47,45,46,47,46,47,46,46,45,46,47,46,46,47,46,46,46,46,45,46,45,46,44,46,45,45,47,46,46,47,46,44,46,44,45,46,46,45,46,46,45,46,46,46,46,45,45,45,45,46,45,44,45,46,45,45,46,47,45,46,46,46,46,46,46,46,46,45,45,44,47,46,46,45,45,45,46,46,46,46,46,44,46,46,47,46,45,46,46,46,46,45,47,46,45,46,45,46,46,45,46,45,46,46,46,45,46,45,45,45,45,46,46,46,46,46,46,46,45,47,46,45,46,46,45,46,45,45,45,45,46,46,46,46,46,46,46,47,45,46,46,46,47,47,46,46,45,45,46,46,46,46,46,46,46,46,45,46,46,45,46,46,46,45,45,46,46,46,46,46,45,45,46,46,46,46,45,46,47,45,47,45,46,46,45,47,44,46,44,46,46,46,47,47,46,46,45,44,47,46,46,46,46,46,45,46,46,45,47,46,46,45,45,45,46,45,46,46,46,47,46,46,46,46,46,46,46,46,46,46,46,45,46,46,46,46,47,44,46,46,46,45,45,46,44,46,46,44,47,46,46,46,46,46,45,47,47,46,46,46,46,46,46,46,45,46,46,46,45,47,45,46,46,47,46,46,46,47,46,47,45,46,46,46,46,45,46,46,45,46,47,45,45,45,46,46,45,45,46,46,46,46,45,45,46,46,46,46,46,46,46,46,45,46,47,46,46,46,46,45,46,46,46,45,47,45,46,45,46,46,46,45,46,45,45,45,46,45,45,46,46,46,46,46,46,45,46,46,44,46,47,46,46,47,46,46,46,46,46,45,46,45,46,46,45,46,46,46,46,46,46,46,46,46,46,46,45,47,46,46,45,46,45,46,45,46,44,45,45,46,46,45,46,47,45,45,45,45,45,46,46,46,46,45,45,45,45,46,47,45,45,46,45,46,46,46,45,45,46,45,45,46,45,45,45,46,46,45,46,46,46,46,47,46,46,47,46,46,47,45,46,46,46,45,46,46,45,46,46,44,45,46,47,45,45,46,45,46,45,46,46,46,46,46,46,45,46,46,46,45,46,45,45,46,45,46,46,46,47,46,46,46,46,46,46,46,46,47,46,45,46,44,46,46,45,46,45,45,46,46,46,46,46,46,46,46,45,47,46,46,46,46,46,46,46,46,44,44,46,47,45,45,46,46,45,46,46,47,45,45,47,46,45,44,46,46
MLR-fs3,46,47,47,46,47,47,47,46,47,46,46,47,47,46,45,47,46,47,47,45,46,47,46,47,47,47,47,46,46,47,46,47,47,47,45,47,47,46,46,45,47,47,47,47,45,47,46,47,45,45,47,47,46,46,47,46,47,45,47,47,45,45,47,47,47,47,46,45,47,47,46,47,47,47,46,47,47,47,47,47,47,47,47,46,47,47,46,47,45,45,47,46,46,46,47,47,47,47,47,46,47,45,45,47,47,47,45,47,45,47,47,47,46,46,46,47,45,47,47,47,47,47,47,46,47,47,45,47,47,47,47,46,47,47,47,46,47,46,45,46,46,47,47,46,47,45,47,46,46,47,47,47,46,46,47,47,46,45,45,47,45,47,47,47,45,47,47,47,47,46,46,47,45,47,47,46,47,47,47,47,47,45,47,46,47,46,47,47,47,46,46,46,46,46,47,47,45,47,47,46,47,47,47,47,45,45,47,46,47,47,46,46,47,47,47,47,47,47,47,46,45,47,47,46,47,46,46,47,46,47,47,47,46,46,47,46,47,47,45,47,47,46,47,47,45,45,45,47,47,47,47,46,46,45,46,47,47,47,47,47,46,47,47,46,47,47,47,46,45,46,47,45,47,47,46,45,47,47,47,45,46,47,47,47,47,47,47,46,47,46,46,46,47,47,46,46,46,45,47,47,46,46,46,47,46,45,47,47,47,45,47,47,45,47,47,47,46,46,47,47,45,46,45,45,45,46,47,47,46,47,47,47,47,47,47,47,45,47,46,45,47,45,46,45,47,47,47,47,45,47,47,47,47,47,47,45,47,47,47,47,47,47,47,47,45,46,45,47,45,47,47,47,47,45,46,47,46,47,46,47,47,47,47,46,47,46,45,47,47,46,47,47,46,47,47,47,47,47,46,47,45,47,46,47,47,47,47,46,47,45,47,45,46,47,47,47,47,47,46,46,46,46,47,47,46,47,46,47,47,47,47,47,47,47,47,46,47,47,46,47,47,47,47,47,47,46,47,46,47,47,47,47,45,47,46,45,45,46,46,47,47,45,45,47,46,46,47,46,45,45,47,47,46,45,46,47,47,46,47,47,47,47,46,47,46,47,47,47,46,46,46,47,47,46,47,47,47,46,47,47,47,47,47,47,46,47,47,47,47,46,47,46,46,47,46,46,46,47,47,46,47,46,46,47,47,47,47,45,45,47,47,47,47,47,46,47,47,46,47,46,47,47,47,47,47,46,47,47,46,45,47,45,47,47,47,46,46,45,47,47,47,47,47,47,47,47,47,45,45,47,47,46,46,47,46,47,47,45,45,45,47,47,47,46,47,47,45,47,46,47,46,47,47,46,45,47,45,47,47,47,47,46,46,47,47,47,46,46,47,45,46,46,47,45,47,47,47,47,47,47,46,45,47,46,45,45,47,46,46,47,45,45,47,47,46,46,47,45,47,45,46,47,46,46,46,46,47,45,47,46,47,47,47,47,47,47,46,46,47,47,46,47,45,47,47,47,45,47,47,47,47,46,46,47,45,46,47,46,47,46,47,47,47,46,47,47,45,47,47,47,47,45,45,47,47,46,47,47,47,47,46,46,47,47,47,47,46,47,47,45,45,46,46,45,47,47,47,45,47,46,46,47,47,47,47,47,47,47,46,47,47,47,46,46,46,45,47,46,47,47,47,46,47,46,47,47,47,47,47,46,47,47,47,47,46,46,46,46,45,47,46,47,47,47,47,47,46,46,47,47,45,47,47,45,47,47,46,45,46,45,47,47,47,46,47,47,47,46,45,47,47,46,47,47,47,47,47,46,47,46,47,46,46,47,47,47,47,47,47,47,47,47,46,45,46,47,47,46,47,47,47,47,47,47,47,47,47,47,46,47,47,47,47,47,45,47,45,47,47,47,46,45,45,45,46,47,46,47,47,47,45,46,47,47,47,46,45,45,46,46,47,47,47,47,47,47,47,46,46,46,46,47,46,46,47,47,46,47,47,45,46,46,47,46,47,45,47,47,47,47,47,46,45,47,47,47,45,47,47,45,47,47,45,46,47,47,47,47,45,47,46,47,47,46,47,47,46,46,46,45,46,47,46,47,45,47,47,47,47,46,47,45,47,46,47,46,47,47,46,47,47,45,46,47,47,47,45,47,45,47,45,46,47,47,47,46,47,47,47,45,47,47,47,45,47,47,47,47,47,47,46,46,47,47,47,45,47,47,45,45,47,47,47,45,47,47,47,47,46,47,47,46,46,46,45,45,47,47,47,47
MLR-fs4,48,48,48,48,48,48,48,48,48,48,48,48,48,48,48,48,48,48,48,48,48,48,48,48,48,48,48,48,48,48,48,48,48,48,48,48,48,48,48,48,48,48,48,48,48,48,48,48,48,48,48,48,48,48,48,48,48,48,48,48,48,48,48,48,48,48,48,48,48,48,48,48,48,48,48,48,48,48,48,48,48,48,48,48,48,48,48,48,48,48,48,48,48,48,48,48,48,48,48,48,48,48,48,48,48,48,48,48,48,48,48,48,48,48,48,48,48,48,48,48,48,48,48,48,48,48,48,48,48,48,48,48,48,48,48,48,48,48,48,48,48,48,48,48,48,48,48,48,48,48,48,48,48,48,48,48,48,48,48,48,48,48,48,48,48,48,48,48,48,48,48,48,48,48,48,48,48,48,48,48,48,48,48,48,48,48,48,48,48,48,48,48,48,48,48,48,48,48,48,48,48,48,48,48,48,48,48,48,48,48,48,48,48,48,48,48,48,48,48,48,48,48,48,48,48,48,48,48,48,48,48,48,48,48,48,48,48,48,48,48,48,48,48,48,48,48,48,48,48,48,48,48,48,48,48,48,48,48,48,48,48,48,48,48,48,48,48,48,48,48,48,48,48,48,48,48,48,48,48,48,48,48,48,48,48,48,48,48,48,48,48,48,48,48,48,48,48,48,48,48,48,48,48,48,48,48,48,48,48,48,48,48,48,48,48,48,48,48,48,48,48,48,48,48,48,48,48,48,48,48,48,48,48,48,48,48,48,48,48,48,48,48,48,48,48,48,48,48,48,48,48,48,48,48,48,48,48,48,48,48,48,48,48,48,48,48,48,48,48,48,48,48,48,48,48,48,48,48,48,48,48,48,48,48,48,48,48,48,48,48,48,48,48,48,48,48,48,48,48,48,48,48,48,48,48,48,48,48,48,48,48,48,48,48,48,48,48,48,48,48,48,48,48,48,48,48,48,48,48,48,48,48,48,48,48,48,48,48,48,48,48,48,48,48,48,48,48,48,48,48,48,48,48,48,48,48,48,48,48,48,48,48,48,48,48,48,48,48,48,48,48,48,48,48,48,48,48,48,48,48,48,48,48,48,48,48,48,48,48,48,48,48,48,48,48,48,48,48,48,48,48,48,48,48,48,48,48,48,48,48,48,48,48,48,48,48,48,48,48,48,48,48,48,48,48,48,48,48,48,48,48,48,48,48,48,48,48,48,48,48,48,48,48,48,48,48,48,48,48,48,48,48,48,48,48,48,48,48,48,48,48,48,48,48,48,48,48,48,48,48,48,48,48,48,48,48,48,48,48,48,48,48,48,48,48,48,48,48,48,48,48,48,48,48,48,48,48,48,48,48,48,48,48,48,48,48,48,48,48,48,48,48,48,48,48,48,48,48,48,48,48,48,48,48,48,48,48,48,48,48,48,48,48,48,48,48,48,48,48,48,48,48,48,48,48,48,48,48,48,48,48,48,48,48,48,48,48,48,48,48,48,48,48,48,48,48,48,48,48,48,48,48,48,48,48,48,48,48,48,48,48,48,48,48,48,48,48,48,48,48,48,48,48,48,48,48,48,48,48,48,48,48,48,48,48,48,48,48,48,48,48,48,48,48,48,48,48,48,48,48,48,48,48,48,48,48,48,48,48,48,48,48,48,48,48,48,48,48,48,48,48,48,48,48,48,48,48,48,48,48,48,48,48,48,48,48,48,48,48,48,48,48,48,48,48,48,48,48,48,48,48,48,48,48,48,48,48,48,48,48,48,48,48,48,48,48,48,48,48,48,48,48,48,48,48,48,48,48,48,48,48,48,48,48,48,48,48,48,48,48,48,48,48,48,48,48,48,48,48,48,48,48,48,48,48,48,48,48,48,48,48,48,48,48,48,48,48,48,48,48,48,48,48,48,48,48,48,48,48,48,48,48,48,48,48,48,48,48,48,48,48,48,48,48,48,48,48,48,48,48,48,48,48,48,48,48,48,48,48,48,48,48,48,48,48,48,48,48,48,48,48,48,48,48,48,48,48,48,48,48,48,48,48,48,48,48,48,48,48,48,48,48,48,48,48,48,48,48,48,48,48,48,48,48,48,48,48,48,48,48,48,48,48,48,48,48,48,48,48,48,48,48,48,48,48,48,48,48,48,48,48,48,48,48,48,48,48,48,48,48,48,48,48,48,48,48,48,48,48,48,48,48,48,48,48,48,48,48,48,48,48,48,48,48,48,48,48,48,48,48,48,48,48,48,48,48,48,48,48,48
